episode,reward,win,win_rate,epsilon,steps,td_error_mean,q_table_states
1,-83.41,0,0.0,0.9995,8,10.71375,8
2,-10.75,0,0.0,0.9990002500000001,160,0.0930205625180388,110
3,107.25,1,0.3333333333333333,0.9985007498750001,5,21.442100000560284,113
4,-84.19,0,0.25,0.9980014995000627,7,12.272933570851704,117
5,-127.99000000000001,0,0.2,0.9975024987503127,47,2.933470638278634,160
6,-83.01,0,0.16666666666666666,0.9970037475009376,93,0.9640106436220168,217
7,-82.61,0,0.14285714285714285,0.9965052456271871,128,0.7194450790993869,297
8,-83.89,0,0.125,0.9960069930043736,7,10.470031933236335,301
9,-83.96,0,0.1111111111111111,0.9955089895078715,18,4.83938388886758,315
10,107.61999999999999,1,0.2,0.9950112350131176,4,26.915,318
11,-82.75999999999999,0,0.18181818181818182,0.9945137293956111,113,0.7986118613829036,371
12,-84.31,0,0.16666666666666666,0.9940164725309134,118,0.7556688407315922,401
13,106.67,1,0.23076923076923078,0.993519464294648,14,7.669538942982576,410
14,-124.14,0,0.21428571428571427,0.9930227045625007,37,3.746676405260994,439
15,-3.5,0,0.2,0.9925261932102195,160,0.22806587494292763,562
16,-84.78,0,0.1875,0.9920299301136144,149,0.6026628391022151,601
17,-83.04,0,0.17647058823529413,0.9915339151485576,12,7.30322541643555,610
18,-79.3,0,0.16666666666666666,0.9910381481909833,80,1.1730703939322265,658
19,-9.950000000000001,0,0.15789473684210525,0.990542629116888,160,0.08850905198317197,701
20,-84.64,0,0.15,0.9900473578023296,12,7.176041666680637,709
21,-8.75,0,0.14285714285714285,0.9895523341234285,160,0.204737203141558,833
22,106.62,1,0.18181818181818182,0.9890575579563669,4,26.646409186772072,834
23,-83.67999999999999,0,0.17391304347826086,0.9885630291773887,109,0.8214005634664145,882
24,-130.01999999999998,0,0.16666666666666666,0.9880687476628001,21,6.28928567530942,896
25,-9.05,0,0.16,0.9875747132889687,160,0.12783057238310902,949
26,-10.3,0,0.15384615384615385,0.9870809259323243,160,0.09161451773794034,972
27,-84.14,0,0.14814814814814814,0.9865873854693582,22,4.0172668977378105,990
28,-9.65,0,0.14285714285714285,0.9860940917766235,160,0.0885973118550901,1023
29,-10.7,0,0.13793103448275862,0.9856010447307353,160,0.08965253661616862,1028
30,-127.34,0,0.13333333333333333,0.98510824420837,22,6.809362561913546,1040
31,-84.08,0,0.12903225806451613,0.9846156900862658,129,0.7025007264930906,1063
32,-127.53,0,0.125,0.9841233822412228,29,4.638008922271688,1079
33,-11.100000000000001,0,0.12121212121212122,0.9836313205501022,160,0.07776010224598986,1088
34,-77.86,0,0.11764705882352941,0.9831395048898272,63,1.5369017154380444,1124
35,-82.84,0,0.11428571428571428,0.9826479351373822,22,3.99781645715914,1136
36,-11.100000000000001,0,0.1111111111111111,0.9821566111698136,160,0.0906827673099324,1141
37,-129.32,0,0.10810810810810811,0.9816655328642288,16,8.240302538092948,1153
38,-84.19,0,0.10526315789473684,0.9811747000977967,7,17.03669581938003,1154
39,-83.22,0,0.10256410256410256,0.9806841127477479,46,1.8975541467537962,1176
40,106.13,1,0.125,0.9801937706913741,121,1.0048403498121876,1247
41,-11.85,0,0.12195121951219512,0.9797036738060285,160,0.15052847855447907,1259
42,-82.18,0,0.11904761904761904,0.9792138219691255,44,2.0984426335685633,1277
43,-10.850000000000001,0,0.11627906976744186,0.978724215058141,160,0.0858203139389034,1291
44,-78.61,0,0.11363636363636363,0.978234852950612,58,1.6637526558738218,1315
45,-130.17000000000002,0,0.1111111111111111,0.9777457355241367,16,8.211664363383898,1327
46,-10.7,0,0.10869565217391304,0.9772568626563747,160,0.08545945644003745,1331
47,-82.07,0,0.10638297872340426,0.9767682342250465,66,1.4427422617737091,1369
48,-10.6,0,0.10416666666666667,0.976279850107934,160,0.09120919941741727,1379
49,-10.700000000000001,0,0.10204081632653061,0.9757917101828801,160,0.0891361345524731,1411
50,-75.19,0,0.1,0.9753038143277888,82,1.253054688961427,1455
51,107.77,1,0.11764705882352941,0.974816162420625,19,5.729573657416592,1466
52,-10.1,0,0.11538461538461539,0.9743287543394147,160,0.0922194692384942,1504
53,-84.36,0,0.11320754716981132,0.973841589962245,13,6.5736581624872406,1510
54,-84.72,0,0.1111111111111111,0.973354669167264,11,7.824762968559411,1515
55,-83.65,0,0.10909090909090909,0.9728679918326804,70,1.3366124468701226,1561
56,-84.67,0,0.10714285714285714,0.972381557836764,11,7.833913619401441,1565
57,-84.08999999999999,0,0.10526315789473684,0.9718953670578457,7,12.274421144562906,1565
58,-83.9,0,0.10344827586206896,0.9714094193743169,5,17.21766099859774,1567
59,-84.29,0,0.1016949152542373,0.9709237146646298,22,3.9927541598523124,1579
60,-9.45,0,0.1,0.9704382528072976,160,0.10483922801021708,1597
61,-10.55,0,0.09836065573770492,0.9699530336808939,160,0.12330205920103617,1645
62,-84.19,0,0.0967741935483871,0.9694680571640535,7,8.865521284840735,1645
63,-80.42,0,0.09523809523809523,0.9689833231354715,51,1.8630446843708826,1666
64,-59.07,0,0.09375,0.9684988314739038,6,10.083374961422136,1668
65,-84.0,0,0.09230769230769231,0.9680145820581669,10,8.527287486272863,1671
66,-128.8,0,0.09090909090909091,0.9675305747671379,25,5.353811206863075,1688
67,-77.5,0,0.08955223880597014,0.9670468094797544,40,2.419225510824239,1696
68,-83.91,0,0.08823529411764706,0.9665632860750146,8,10.774546605931826,1699
69,-10.5,0,0.08695652173913043,0.9660800044319772,160,0.08483210807527189,1703
70,-10.4,0,0.08571428571428572,0.9655969644297613,160,0.1042100136651618,1716
71,-84.00999999999999,0,0.08450704225352113,0.9651141659475465,28,3.088719646733994,1724
72,-84.28,0,0.08333333333333333,0.9646316088645728,9,9.423875938489411,1728
73,-83.81,0,0.0821917808219178,0.9641492930601405,8,10.784134772440884,1730
74,-10.4,0,0.08108108108108109,0.9636672184136105,160,0.0950704578616178,1741
75,-84.32000000000001,0,0.08,0.9631853848044037,11,7.868157213337889,1743
76,-83.7,0,0.07894736842105263,0.9627037921120016,10,8.55903148826398,1747
77,106.23,1,0.09090909090909091,0.9622224402159457,11,9.697026174766096,1748
78,-81.64999999999999,0,0.08974358974358974,0.9617413289958378,45,2.048367654348413,1771
79,-83.81,0,0.08860759493670886,0.9612604583313399,18,4.825155793339945,1779
80,-130.48000000000002,0,0.0875,0.9607798281021742,69,1.9255443037638738,1833
81,107.39,1,0.09876543209876543,0.9602994381881231,18,6.040550727346498,1836
82,-84.12,0,0.0975609756097561,0.9598192884690291,11,6.669029240837448,1838
83,-84.52,0,0.0963855421686747,0.9593393788247946,11,7.805923872448673,1841
84,-129.07,0,0.09523809523809523,0.9588597091353822,31,4.238157661761788,1858
85,-10.350000000000001,0,0.09411764705882353,0.9583802792808146,160,0.1052247037973425,1863
86,-83.56,0,0.09302325581395349,0.9579010891411742,18,4.869667417284671,1868
87,-82.11,0,0.09195402298850575,0.9574221385966036,33,2.6910381386789606,1882
88,-128.99,0,0.09090909090909091,0.9569434275273054,152,0.9223583341262394,1912
89,-84.01,0,0.0898876404494382,0.9564649558135419,13,6.690247869623396,1914
90,-9.899999999999999,0,0.08888888888888889,0.9559867233356352,160,0.09204609408864144,1923
91,-79.65,0,0.08791208791208792,0.9555087299739674,35,2.2976504474428783,1935
92,-128.56,0,0.08695652173913043,0.9550309756089804,18,7.370907304404957,1938
93,-84.07000000000001,0,0.08602150537634409,0.954553460121176,11,7.855564914086664,1944
94,-10.3,0,0.0851063829787234,0.9540761833911156,160,0.0950052194846935,1949
95,-83.31,0,0.08421052631578947,0.95359914529942,28,3.201697987899118,1959
96,-128.39000000000001,0,0.08333333333333333,0.9531223457267703,27,4.948409394143081,1975
97,-9.9,0,0.08247422680412371,0.952645784553907,160,0.09832110704696106,1991
98,-123.94,0,0.08163265306122448,0.9521694616616301,42,3.3197320698374617,2009
99,-81.58,0,0.08080808080808081,0.9516933769307994,19,4.723317776264525,2016
100,-5.95,0,0.08,0.951217530242334,160,0.13884875804313584,2047
101,-84.06,0,0.08,0.9507419214772129,28,3.0941629714531467,2052
102,-83.72,0,0.08,0.9502665505164744,21,4.156744750796241,2064
103,107.12,1,0.08,0.9497914172412162,4,26.712470363457108,2065
104,107.12,1,0.09,0.9493165215325956,4,26.62116913716891,2065
105,106.67999999999999,1,0.1,0.9488418632718294,16,6.695326750167296,2071
106,-84.72,0,0.1,0.9483674423401935,11,7.801924478053539,2075
107,-84.13,0,0.1,0.9478932586190235,104,0.8649034690164542,2080
108,-83.24,0,0.1,0.9474193119897141,97,0.9377377297567112,2087
109,-10.1,0,0.1,0.9469456023337193,160,0.10834109304011919,2097
110,-10.55,0,0.09,0.9464721295325524,160,0.10220188659746236,2119
111,-128.83,0,0.09,0.9459988934677862,14,10.39197342662939,2121
112,-80.25,0,0.09,0.9455258940210524,80,1.2192719085477874,2163
113,105.66,1,0.09,0.9450531310740419,72,1.509576213045964,2167
114,-79.04,0,0.09,0.9445806045085049,137,0.7187584961917565,2212
115,-83.1,0,0.09,0.9441083142062507,70,1.2644009992071659,2222
116,-128.91,0,0.09,0.9436362600491477,18,7.370756761154367,2224
117,-83.86,0,0.09,0.9431644419191232,8,12.374946668772026,2225
118,-82.7,0,0.09,0.9426928596981636,15,5.877263592462987,2227
119,-9.35,0,0.09,0.9422215132683146,160,0.09777526485855696,2230
120,-9.5,0,0.09,0.9417504025116805,160,0.10062827905372274,2235
121,-83.57000000000001,0,0.09,0.9412795273104247,11,7.907748383788223,2243
122,-10.450000000000001,0,0.08,0.9408088875467696,160,0.11570435556252233,2244
123,-9.75,0,0.08,0.9403384831029963,160,0.10233405983886587,2251
124,106.62,1,0.09,0.9398683138614449,4,29.78692808061838,2251
125,-130.41,0,0.09,0.9393983797045142,158,0.86468816218685,2280
126,-6.950000000000003,0,0.09,0.938928680514662,160,0.17032483454891006,2325
127,-10.450000000000001,0,0.09,0.9384592161744048,160,0.0972147468357407,2326
128,106.77,1,0.1,0.9379899865663176,4,26.591318285614253,2328
129,-84.1,0,0.1,0.9375209915730345,125,0.720275191524683,2336
130,-83.89,0,0.1,0.937052231077248,87,1.0164270073226462,2342
131,-8.35,0,0.1,0.9365837049617094,160,0.13026654989760572,2363
132,-83.95,0,0.1,0.9361154131092286,20,4.376410366232973,2366
133,-84.87,0,0.1,0.9356473554026741,11,7.8539936838375235,2367
134,-127.22999999999999,0,0.1,0.9351795317249728,59,2.3618663495218666,2396
135,-82.73,0,0.1,0.9347119419591103,64,1.40203271854224,2403
136,-82.99,0,0.1,0.9342445859881309,12,7.248454061727971,2407
137,-83.95,0,0.1,0.9337774636951368,10,8.776363274404778,2408
138,-78.83,0,0.1,0.9333105749632893,34,2.7403418045907335,2419
139,-84.14,0,0.1,0.9328439196758077,12,7.179693543022344,2424
140,-7.25,0,0.09,0.9323774977159699,160,0.12221460355421368,2434
141,106.62,1,0.1,0.9319113089671119,4,30.24305507658981,2434
142,-82.89,0,0.1,0.9314453533126285,27,3.217129636834884,2438
143,-83.94,0,0.1,0.9309796306359722,97,0.9606988050017209,2443
144,-84.25999999999999,0,0.1,0.9305141408206543,13,5.594575747783797,2448
145,-10.1,0,0.1,0.9300488837502441,160,0.10468913394969473,2452
146,106.91,1,0.11,0.9295838593083691,157,0.7561895829721864,2458
147,-84.46,0,0.11,0.929119067378715,33,2.6232204525226686,2462
148,-83.82000000000001,0,0.11,0.9286545078450257,16,4.6479666178527985,2466
149,-82.16000000000001,0,0.11,0.9281901805911033,18,4.273828521137022,2470
150,106.72,1,0.12,0.9277260855008077,4,26.66950182810426,2470
151,-82.33,0,0.11,0.9272622224580573,29,3.120631826961381,2482
152,-83.77,0,0.11,0.9267985913468284,46,1.9833424841062894,2486
153,107.09,1,0.12,0.926335192051155,23,4.69030438716908,2486
154,-84.19,0,0.12,0.9258720244551295,7,12.254926435936774,2487
155,106.62,1,0.13,0.925409088442902,4,27.971127782166004,2488
156,-84.27,0,0.13,0.9249463838986807,6,14.268994448492304,2488
157,-84.41,0,0.13,0.9244839107067314,13,6.5741954430293,2490
158,-83.79,0,0.13,0.9240216687513781,12,6.178827842311002,2493
159,-84.31,0,0.13,0.9235596579170025,13,6.583141177525887,2495
160,-81.86,0,0.13,0.923097878088044,63,1.4248303529511677,2499
161,-84.28,0,0.13,0.9226363291490001,19,4.6054692320670245,2502
162,-84.36,0,0.13,0.9221750109844257,8,9.185078411992873,2502
163,-82.39,0,0.13,0.9217139234789336,47,1.9667266939799153,2514
164,-82.63,0,0.13,0.9212530665171942,24,3.1905559814197475,2522
165,-9.5,0,0.13,0.9207924399839357,160,0.09447785281215101,2529
166,108.96,1,0.14,0.9203320437639437,22,5.710431128133046,2533
167,-82.47999999999999,0,0.14,0.9198718777420618,74,1.216404387552626,2539
168,-84.46000000000001,0,0.14,0.9194119418031909,13,6.584976474755229,2541
169,-83.60000000000001,0,0.14,0.9189522358322894,95,1.186427461431999,2564
170,-82.86999999999999,0,0.14,0.9184927597143733,16,5.454460527158226,2568
171,-129.59,0,0.14,0.9180335133345161,42,3.5823768296580587,2581
172,-9.7,0,0.14,0.917574496577849,160,0.11052082316401356,2607
173,-83.71000000000001,0,0.14,0.9171157093295601,13,7.752948306662819,2607
174,106.57000000000001,1,0.15,0.9166571514748953,4,27.914916360764764,2607
175,-81.52,0,0.15,0.916198822899158,16,5.564987001636764,2609
176,-82.88000000000001,0,0.15,0.9157407234877085,14,6.314277015860592,2616
177,-83.64,0,0.14,0.9152828531259647,17,5.332510238804115,2618
178,-82.03,0,0.14,0.9148252116994018,9,9.73010190601771,2620
179,105.60000000000001,1,0.15,0.9143677990935521,95,1.1542839992993028,2625
180,-81.57000000000001,0,0.15,0.9139106151940054,141,0.8207146320863197,2660
181,-84.33999999999999,0,0.14,0.9134536598864085,7,12.242380664464353,2662
182,-80.86,0,0.14,0.9129969330564653,8,11.748370970477117,2663
183,105.77,1,0.15,0.9125404345899372,9,14.220090934342394,2665
184,-81.97999999999999,0,0.15,0.9120841643726423,14,6.490101834830961,2666
185,-83.31,0,0.15,0.911628122290456,28,3.1223077650536597,2670
186,-82.83,0,0.15,0.9111723082293108,14,6.199268521115716,2676
187,109.23,1,0.16,0.9107167220751963,26,4.271514431062298,2682
188,-10.85,0,0.16,0.9102613637141588,160,0.14847727096365998,2683
189,-84.42999999999999,0,0.16,0.9098062330323018,9,9.548491450951746,2683
190,-76.07,0,0.16,0.9093513299157857,61,2.687169599220973,2692
191,-122.88999999999999,0,0.16,0.9088966542508279,142,1.0295912185955445,2751
192,-84.57000000000001,0,0.16,0.9084422059237025,11,5.669876311032567,2752
193,-84.11999999999999,0,0.16,0.9079879848207407,146,0.6487647937992533,2758
194,106.62,1,0.17,0.9075339908283304,4,30.408936782479287,2758
195,108.3,1,0.18,0.9070802238329163,105,1.0638098336381607,2771
196,-81.53999999999999,0,0.18,0.9066266837209999,107,0.8907412109751837,2798
197,-127.57,0,0.18,0.9061733703791394,146,0.9536508473463753,2818
198,-84.94,0,0.18,0.9057202836939499,117,0.9188264335286366,2880
199,-9.65,0,0.18,0.9052674235521029,160,0.11139332976328513,2882
200,-11.049999999999999,0,0.18,0.9048147898403269,160,0.10104130096360961,2885
201,-9.8,0,0.18,0.9043623824454068,160,0.10143398987257751,2888
202,-84.02,0,0.18,0.9039102012541841,71,1.2272977780324108,2890
203,-9.6,0,0.17,0.9034582461535571,160,0.0878776434299141,2901
204,-83.66,0,0.16,0.9030065170304803,38,2.3343023685783173,2901
205,-84.78999999999999,0,0.15,0.9025550137719651,12,7.165381240585896,2902
206,-82.63,0,0.15,0.9021037362650792,9,12.7494004888667,2907
207,-82.67,0,0.15,0.9016526843969468,11,8.016395349822599,2910
208,-8.85,0,0.15,0.9012018580547484,160,0.10285400232235634,2918
209,-84.75,0,0.15,0.900751257125721,15,4.197500874063,2919
210,-125.60000000000001,0,0.15,0.9003008814971583,35,5.185845460459457,2921
211,-9.75,0,0.15,0.8998507310564098,160,0.14175502427099765,2926
212,-9.299999999999999,0,0.15,0.8994008056908817,160,0.11380775177730067,2933
213,107.47,1,0.15,0.8989511052880362,24,4.5373930957362365,2941
214,-76.13,0,0.15,0.8985016297353923,59,2.0728790502259664,2958
215,-80.5,0,0.15,0.8980523789205246,30,2.63106798670373,2960
216,-128.09,0,0.15,0.8976033527310644,52,2.597428800879025,2975
217,-82.48,0,0.15,0.8971545510546989,24,3.714976090520989,2980
218,108.45,1,0.16,0.8967059737791716,35,4.6705145065244285,2982
219,-127.58000000000001,0,0.16,0.8962576207922821,99,1.4249699771447004,2995
220,106.61999999999999,1,0.17,0.895809491981886,4,33.776199842393396,2995
221,-79.55,0,0.17,0.8953615872358951,150,0.6331926370710125,3005
222,-11.200000000000001,0,0.17,0.8949139064422772,160,0.10320149758112712,3006
223,-10.75,0,0.17,0.8944664494890561,160,0.1130209730072587,3006
224,-10.05,0,0.16,0.8940192162643116,160,0.12568361614055248,3007
225,-129.24,0,0.16,0.8935722066561794,27,5.1738259030266285,3008
226,107.72,1,0.17,0.8931254205528514,4,29.20842268717941,3008
227,-6.300000000000004,0,0.17,0.8926788578425751,160,0.25836308155357024,3055
228,-84.37,0,0.16,0.8922325184136538,71,1.0667120620517123,3058
229,-82.69,0,0.16,0.891786402154447,7,13.498889001057085,3059
230,-84.11,0,0.16,0.8913405089533699,143,0.7208717722509022,3063
231,-9.600000000000001,0,0.16,0.8908948386988933,160,0.10904146995342853,3071
232,-81.87,0,0.16,0.8904493912795439,41,2.2038244436458663,3094
233,-84.36,0,0.16,0.8900041665839042,8,10.716658766444306,3095
234,-81.87,0,0.16,0.8895591645006123,6,14.412506277814973,3096
235,-83.73,0,0.16,0.889114384918362,14,4.540777508339712,3096
236,-80.79,0,0.16,0.8886698277259029,7,15.11654504969583,3096
237,-9.5,0,0.16,0.88822549281204,160,0.11612951909745857,3099
238,-81.58,0,0.16,0.887781380065634,24,4.607593390115314,3106
239,-10.049999999999999,0,0.16,0.8873374893756012,160,0.13984667077564153,3107
240,-82.61,0,0.16,0.8868938206309135,8,13.743290280054206,3107
241,-84.22,0,0.15,0.8864503737205981,11,5.723034969236363,3108
242,-83.68,0,0.15,0.8860071485337379,24,3.68891296000152,3111
243,-10.4,0,0.15,0.885564144959471,160,0.11627235093920536,3116
244,-83.47,0,0.15,0.8851213628869913,51,1.7278706035409899,3116
245,-81.94,0,0.15,0.8846788022055478,7,12.909321156700274,3117
246,-84.0,0,0.14,0.8842364628044451,10,8.544543435341678,3120
247,106.57000000000001,1,0.15,0.883794344573043,4,26.622699566483497,3120
248,-10.7,0,0.15,0.8833524474007565,160,0.13362046259025645,3122
249,-9.55,0,0.15,0.8829107711770562,160,0.12466931087866351,3124
250,-83.83,0,0.14,0.8824693157914677,19,4.588496633066159,3124
251,-121.83,0,0.14,0.882028081133572,59,2.4513488703898263,3136
252,-82.25,0,0.14,0.8815870670930053,20,4.05374932306679,3137
253,-10.149999999999999,0,0.13,0.8811462735594588,160,0.11163043808796828,3139
254,-84.57,0,0.13,0.8807057004226791,11,7.794417954491959,3139
255,-7.75,0,0.12,0.8802653475724679,160,0.0889535020428957,3149
256,-128.93,0,0.12,0.8798252148986817,14,9.408356505154766,3151
257,-129.19,0,0.12,0.8793853022912325,12,10.962117482734223,3153
258,-83.4,0,0.12,0.8789456096400869,25,3.5802645715072754,3155
259,-82.02,0,0.12,0.8785061368352669,146,0.6648206127829525,3163
260,-59.14,0,0.12,0.8780668837668493,7,8.624837758522482,3163
261,-10.549999999999999,0,0.12,0.8776278503249659,160,0.15136574865546207,3163
262,-82.85,0,0.12,0.8771890363998035,20,5.951974656892941,3167
263,-129.55,0,0.12,0.8767504418816037,15,8.962244396505879,3168
264,-9.05,0,0.12,0.876312066660663,160,0.10333236073894182,3168
265,-82.39999999999999,0,0.12,0.8758739106273327,20,6.6502181735766355,3173
266,-84.82000000000001,0,0.11,0.8754359736720191,11,8.002393174444071,3173
267,-10.7,0,0.11,0.8749982556851831,160,0.10148344566419609,3177
268,-79.6,0,0.11,0.8745607565573406,45,2.151032345249628,3183
269,-10.1,0,0.11,0.8741234761790619,160,0.13000073382793562,3184
270,106.32,1,0.12,0.8736864144409725,9,11.815083098604033,3185
271,-82.89,0,0.12,0.873249571233752,27,3.3170037065570557,3195
272,-82.69,0,0.12,0.8728129464481352,22,4.0427222637301945,3196
273,106.61999999999999,1,0.13,0.8723765399749112,4,30.95856987118721,3196
274,-77.97,0,0.12,0.8719403517049238,36,2.6398969591553842,3204
275,-84.17,0,0.12,0.8715043815290714,11,6.672569246761163,3205
276,-126.34,0,0.12,0.8710686293383069,27,5.061056495963734,3208
277,-10.600000000000001,0,0.12,0.8706330950236377,160,0.19150303316260034,3208
278,-78.33,0,0.12,0.870197778476126,44,2.2140407568369778,3216
279,-83.47,0,0.11,0.869762679586888,66,1.4269679484591964,3235
280,-84.02,0,0.11,0.8693277982470946,41,2.1454632112678786,3237
281,-10.0,0,0.11,0.8688931343479711,160,0.09993627884190642,3239
282,-10.0,0,0.11,0.8684586877807972,160,0.11677492594324941,3240
283,-10.2,0,0.1,0.8680244584369068,160,0.17937059509692152,3242
284,-10.700000000000001,0,0.1,0.8675904462076884,160,0.10782798743729155,3244
285,-81.64,0,0.1,0.8671566509845846,37,2.536265204711943,3247
286,-80.4,0,0.1,0.8667230726590923,45,2.348644107658248,3253
287,-10.700000000000001,0,0.09,0.8662897111227629,160,0.2779856616743484,3254
288,-81.79,0,0.09,0.8658565662672015,7,18.599678614711657,3255
289,-10.8,0,0.09,0.865423637984068,160,0.24542353678495965,3256
290,-10.600000000000001,0,0.09,0.864990926165076,160,0.13372376679522688,3256
291,-81.66,0,0.09,0.8645584307019936,28,3.2319718258049606,3262
292,-10.4,0,0.09,0.8641261514866426,160,0.11666228990756554,3264
293,-10.1,0,0.09,0.8636940884108993,160,0.1123411514350737,3264
294,-84.24,0,0.08,0.8632622413666939,7,10.436099921365136,3264
295,-9.85,0,0.07,0.8628306102460106,160,0.09728589044252295,3264
296,-84.28999999999999,0,0.07,0.8623991949408877,12,4.553159082310934,3264
297,-9.55,0,0.07,0.8619679953434173,160,0.10512939245565303,3266
298,-80.3,0,0.07,0.8615370113457457,40,2.472638887575129,3273
299,-83.6,0,0.07,0.8611062428400729,10,8.734891863225027,3273
300,-83.21,0,0.07,0.8606756897186528,8,10.815084791950648,3274
301,-59.07,0,0.07,0.8602453518737936,6,8.677352965086078,3274
302,111.61,1,0.08,0.8598152291978567,27,4.868523296705895,3275
303,-83.62,0,0.08,0.8593853215832578,16,5.425298909494886,3276
304,-9.200000000000001,0,0.08,0.8589556289224661,160,0.14965347659494455,3298
305,-5.499999999999999,0,0.08,0.8585261511080049,160,0.16818035777555998,3306
306,-79.36999999999999,0,0.08,0.858096888032451,66,1.39498416687152,3320
307,-10.549999999999999,0,0.08,0.8576678395884348,160,0.2146577990134283,3320
308,-129.32,0,0.08,0.8572390056686406,31,4.964807164164471,3325
309,-129.62,0,0.08,0.8568103861658064,16,10.171510203981452,3327
310,-10.299999999999999,0,0.08,0.8563819809727236,160,0.20350470714551738,3329
311,-84.64,0,0.08,0.8559537899822373,12,6.115721730861503,3329
312,-82.07000000000001,0,0.08,0.8555258130872462,16,4.222672019830789,3329
313,-83.42,0,0.07,0.8550980501807026,31,2.9429538670084168,3335
314,-10.25,0,0.07,0.8546705011556123,160,0.1993450900988355,3335
315,-128.04,0,0.07,0.8542431659050345,112,1.2440904736538687,3363
316,108.48,1,0.08,0.853816044322082,16,10.495592137697967,3365
317,105.84,1,0.09,0.8533891362999211,58,1.865510926687536,3365
318,-83.62,0,0.08,0.8529624417317712,16,5.4733484011440305,3366
319,-83.28999999999999,0,0.08,0.8525359605109053,92,0.9860621022560119,3366
320,-10.5,0,0.07,0.8521096925306499,160,0.19531852403493397,3366
321,-84.29,0,0.07,0.8516836376843847,22,3.9718304225816183,3369
322,-129.20999999999998,0,0.07,0.8512577958655425,53,2.5269370112089957,3377
323,-129.76,0,0.07,0.8508321669676098,18,7.366246632378607,3377
324,-83.02,0,0.07,0.850406750884126,51,1.8969780042774602,3384
325,-83.92,0,0.07,0.8499815475086839,71,1.0678299777683617,3384
326,-84.67,0,0.06,0.8495565567349297,131,0.7646156152374092,3386
327,-84.21000000000001,0,0.06,0.8491317784565623,13,9.391439997131506,3387
328,-125.58999999999999,0,0.06,0.8487072125673341,52,2.601537157106661,3403
329,-10.3,0,0.06,0.8482828589610505,160,0.12257425011823977,3406
330,106.57000000000001,1,0.07,0.84785871753157,4,26.765644499923802,3407
331,-80.73,0,0.07,0.8474347881728043,44,2.26156320589494,3417
332,-85.14,0,0.07,0.847011070778718,147,0.7957656815373068,3420
333,-79.28,0,0.07,0.8465875652433287,29,3.875181683423319,3420
334,-9.950000000000001,0,0.07,0.846164271460707,160,0.24082364879199258,3420
335,-129.26000000000002,0,0.07,0.8457411893249768,153,0.9179624567317699,3445
336,105.42999999999999,1,0.08,0.8453183187303144,106,1.3129471171210643,3463
337,-84.19,0,0.08,0.8448956595709493,7,12.40934291814853,3463
338,-83.73,0,0.08,0.8444732117411639,124,0.8733476561825775,3466
339,106.62,1,0.09,0.8440509751352934,4,26.649709305142753,3467
340,-82.58,0,0.09,0.8436289496477257,49,1.9372061370675717,3475
341,-79.36,0,0.09,0.8432071351729019,113,1.0276412332448819,3482
342,-83.52,0,0.09,0.8427855316053156,26,3.3671890500028474,3488
343,-83.00999999999999,0,0.09,0.8423641388395129,48,2.1712457034483355,3493
344,-83.28,0,0.09,0.8419429567700932,69,1.432836103782773,3493
345,-84.21000000000001,0,0.09,0.8415219852917082,78,1.3361267977264912,3493
346,-83.58999999999999,0,0.09,0.8411012242990624,27,3.337503488696756,3494
347,-83.55999999999999,0,0.08,0.8406806736869129,43,2.024085816584765,3500
348,-81.84,0,0.08,0.8402603333500694,12,8.493361761231597,3500
349,-10.350000000000001,0,0.08,0.8398402031833945,160,0.26018785859845867,3500
350,-9.7,0,0.08,0.8394202830818028,160,0.22415081522897937,3501
351,-83.62,0,0.08,0.839000572940262,141,0.6853133924605431,3502
352,-83.78,0,0.08,0.8385810726537919,14,4.533358369081814,3503
353,-82.02,0,0.08,0.8381617821174651,76,1.357187582110453,3508
354,-84.77,0,0.08,0.8377427012264064,131,0.7360944038531401,3509
355,-10.700000000000001,0,0.08,0.8373238298757932,160,0.09321613044683943,3512
356,-83.85,0,0.08,0.8369051679608553,20,5.948490881543607,3519
357,-83.67,0,0.08,0.8364867153768749,16,7.168156640919624,3522
358,-10.549999999999999,0,0.08,0.8360684720191865,160,0.20848665855174772,3522
359,-82.34,0,0.08,0.835650437783177,17,4.516968113993678,3522
360,-83.92999999999999,0,0.08,0.8352326125642855,39,2.3009967888560956,3522
361,-126.2,0,0.08,0.8348149962580034,100,1.4065184243018827,3537
362,-128.83,0,0.08,0.8343975887598745,84,1.6942270004614868,3543
363,-84.35,0,0.08,0.8339803899654946,10,11.01806556538213,3543
364,106.27,1,0.09,0.833563399770512,149,1.0427113742430751,3543
365,-6.650000000000001,0,0.09,0.8331466180706267,160,0.2894568000999061,3553
366,107.64999999999999,1,0.1,0.8327300447615915,35,3.6447630658278607,3559
367,-83.88,0,0.1,0.8323136797392108,119,0.9829930943728301,3561
368,-84.08,0,0.1,0.8318975228993413,69,1.4181325266179454,3562
369,-9.85,0,0.1,0.8314815741378917,160,0.2036075807555526,3563
370,-119.86,0,0.09,0.8310658333508228,48,3.72929168598513,3566
371,-83.88,0,0.09,0.8306503004341474,14,6.189348805699098,3567
372,-10.65,0,0.09,0.8302349752839304,160,0.39708305432714,3567
373,-84.22,0,0.08,0.8298198577962885,6,14.319192710258067,3568
374,-10.5,0,0.08,0.8294049478673904,160,0.43984087159200136,3569
375,-83.37,0,0.08,0.8289902453934568,16,5.471957071133366,3573
376,-9.4,0,0.08,0.8285757502707601,160,0.13022340642404015,3574
377,-80.91,0,0.08,0.8281614623956248,8,11.72765358978184,3574
378,-84.06,0,0.08,0.8277473816644271,8,10.74634376967093,3574
379,-128.96,0,0.08,0.827333507973595,43,3.633909538803449,3579
380,106.56,1,0.09,0.8269198412196082,12,9.223607213178571,3579
381,-81.65,0,0.09,0.8265063812989984,10,8.63312112709973,3579
382,-84.94,0,0.09,0.826093128108349,12,7.351997139061659,3581
383,-10.149999999999999,0,0.09,0.8256800815442948,160,0.23472953068093774,3581
384,-84.57000000000001,0,0.09,0.8252672415035227,11,4.842482255711644,3582
385,-82.92999999999999,0,0.09,0.824854607882771,9,10.623298529893573,3582
386,-83.69,0,0.09,0.8244421805788297,12,7.24962500201965,3582
387,-84.56,0,0.09,0.8240299594885403,13,6.586289460354557,3582
388,-83.86,0,0.09,0.8236179445087961,8,10.800549394767732,3583
389,-83.11,0,0.09,0.8232061355365418,38,2.7376435489821445,3587
390,-122.13000000000001,0,0.09,0.8227945324687735,49,4.184055567606333,3591
391,-84.57000000000001,0,0.09,0.8223831352025393,101,1.439128740123726,3591
392,-9.600000000000001,0,0.09,0.821971943634938,160,0.2221856728244211,3592
393,-80.34,0,0.09,0.8215609576631205,37,4.708490946442731,3596
394,-8.85,0,0.09,0.8211501771842891,160,0.11782955575077722,3596
395,-80.47,0,0.09,0.820739602095697,86,1.8075843858069924,3603
396,-83.84,0,0.09,0.8203292322946492,7,8.940214292295277,3603
397,-83.42,0,0.09,0.8199190676785019,11,7.896762217820877,3604
398,-84.33999999999999,0,0.09,0.8195091081446627,7,10.416909020045505,3604
399,-127.16000000000001,0,0.09,0.8190993535905904,148,1.058425082898104,3613
400,106.5,1,0.1,0.8186898039137951,115,1.4122800581331982,3613
401,-10.750000000000002,0,0.1,0.8182804590118382,160,0.669634936823124,3613
402,-127.86999999999999,0,0.09,0.8178713187823323,121,1.4706966829119097,3644
403,106.61,1,0.1,0.8174623831229412,12,9.014032114145035,3644
404,107.12,1,0.11,0.8170536519313798,19,6.529300321312621,3646
405,-83.32,0,0.11,0.8166451251054142,11,7.898768923917616,3646
406,-9.15,0,0.11,0.8162368025428616,160,0.2808460047836111,3648
407,-83.50999999999999,0,0.11,0.8158286841415902,8,10.857034976645373,3649
408,-83.69,0,0.11,0.8154207697995194,117,1.4522506536540285,3653
409,-10.5,0,0.11,0.8150130594146197,160,0.4526541859700592,3654
410,109.13,1,0.12,0.8146055528849124,16,9.19142211120692,3654
411,-82.8,0,0.12,0.81419825010847,140,1.79803193746397,3654
412,-84.03999999999999,0,0.12,0.8137911509834158,22,4.345235560968285,3660
413,-11.3,0,0.12,0.8133842554079241,160,0.974004083008258,3660
414,-84.85000000000001,0,0.12,0.8129775632802202,140,1.2770263966304796,3660
415,-82.66,0,0.12,0.8125710744985801,148,1.1907764518903274,3666
416,106.1,1,0.12,0.8121647889613309,10,10.640110145033336,3666
417,-82.56,0,0.11,0.8117587065668503,13,6.8356126165433,3669
418,-127.11,0,0.11,0.8113528272135669,93,1.8581653427013187,3707
419,106.62,1,0.12,0.8109471507999602,4,29.750993604045362,3707
420,107.72,1,0.13,0.8105416772245603,4,33.11514903502539,3707
421,-84.32000000000001,0,0.13,0.8101364063859481,6,15.954189481392193,3707
422,-79.07,0,0.13,0.8097313381827551,51,2.772663412225825,3720
423,-81.1,0,0.13,0.8093264725136637,55,1.9519836008276537,3726
424,-84.44999999999999,0,0.13,0.808921809277407,140,1.03924348550689,3728
425,106.52,1,0.14,0.8085173483727683,9,11.837683325717226,3728
426,-126.02000000000001,0,0.14,0.808113089698582,46,3.377737865997124,3741
427,108.66,1,0.15,0.8077090331537328,12,9.059449822862321,3747
428,-81.99000000000001,0,0.15,0.8073051786371559,107,1.4790836768601499,3752
429,-9.7,0,0.15,0.8069015260478374,160,0.40603110666002246,3752
430,-81.31,0,0.14,0.8064980752848135,23,3.9776799541520482,3754
431,-84.25,0,0.14,0.8060948262471712,10,10.16478213768266,3754
432,105.92,1,0.15,0.8056917788340476,9,12.31565538096966,3754
433,-84.18,0,0.15,0.8052889329446307,129,0.8052283710993956,3782
434,106.24,1,0.16,0.8048862884781584,153,0.7398879845112903,3783
435,-83.25,0,0.16,0.8044838453339194,15,5.855161058675497,3785
436,-11.15,0,0.15,0.8040816034112525,160,0.7921589268516472,3785
437,-84.10000000000001,0,0.15,0.8036795626095469,125,0.9754704477558658,3790
438,-83.93,0,0.15,0.8032777228282422,9,10.505605496473404,3791
439,-3.249999999999993,0,0.14,0.8028760839668281,160,0.30395347992455574,3855
440,107.41,1,0.15,0.8024746459248447,12,8.94962717260855,3856
441,-9.55,0,0.15,0.8020734086018824,160,0.3286031372455327,3857
442,-9.95,0,0.15,0.8016723718975814,160,0.12444475275729064,3859
443,-82.9,0,0.15,0.8012715357116327,5,17.2657794838734,3859
444,-84.60000000000001,0,0.15,0.8008708999437769,10,8.608594833463432,3859
445,-75.17999999999999,0,0.15,0.8004704644938051,69,1.5599927798555355,3871
446,105.65,1,0.16,0.8000702292615582,110,1.022019614527973,3872
447,-81.47,0,0.16,0.7996701941469275,41,2.224929430920108,3888
448,-11.15,0,0.16,0.7992703590498541,160,0.815913100988575,3888
449,-84.22,0,0.16,0.7988707238703292,6,12.302944632743795,3888
450,-122.98999999999998,0,0.16,0.7984712885083941,37,3.851150849965665,3895
451,-83.60000000000001,0,0.16,0.79807205286414,10,11.525400914562866,3895
452,-84.11999999999999,0,0.16,0.797673016837708,6,14.304081641227627,3895
453,-127.97,0,0.16,0.7972741803292892,41,3.3892927340903634,3906
454,-84.28,0,0.16,0.7968755432391246,9,9.533922160221262,3907
455,-10.200000000000001,0,0.16,0.796477105467505,160,0.6553433502676999,3908
456,-58.82,0,0.16,0.7960788669147714,26,2.4146136377031846,3920
457,-83.55,0,0.16,0.7956808274813141,10,9.035070193691178,3920
458,-84.45,0,0.16,0.7952829870675735,10,9.44343640586268,3920
459,106.52,1,0.17,0.7948853455740398,4,27.33609462738037,3920
460,-83.6,0,0.17,0.7944879029012528,85,1.5120120279081029,3920
461,-128.23,0,0.17,0.7940906589498022,144,1.8188700894119452,3931
462,-10.6,0,0.17,0.7936936136203274,160,0.610764663652124,3931
463,-80.42,0,0.17,0.7932967668135174,51,2.268046552699662,3935
464,-6.950000000000001,0,0.16,0.7929001184301107,160,0.5000002280208464,3945
465,-81.86,0,0.16,0.7925036683708957,103,1.2039471851402495,3949
466,-83.75,0,0.15,0.7921074165367102,10,7.406141020736191,3949
467,-10.55,0,0.15,0.7917113628284419,160,0.7002782522649067,3949
468,-83.66000000000001,0,0.15,0.7913155071470277,13,5.9617171469760635,3949
469,-128.24,0,0.15,0.7909198493934543,22,6.585755038151136,3952
470,105.75,1,0.16,0.7905243894687576,125,1.5372662413295404,3952
471,-82.58,0,0.16,0.7901291272740233,144,0.9726940182370496,3973
472,109.66,1,0.17,0.7897340627103864,17,6.800387614197371,3974
473,-84.57,0,0.17,0.7893391956790312,11,7.938055710944092,3974
474,-84.67,0,0.17,0.7889445260811917,91,1.7624547387162162,3976
475,-83.83,0,0.17,0.7885500538181511,9,8.108871499035093,3976
476,108.55,1,0.18,0.7881557787912421,90,1.7601793303548667,3985
477,-128.48000000000002,0,0.18,0.7877617009018465,129,1.3453317772462114,3987
478,-11.8,0,0.18,0.7873678200513956,160,0.8018954229209339,3987
479,-84.4,0,0.18,0.7869741361413699,15,8.11093137299549,3990
480,-10.15,0,0.17,0.7865806490732993,160,0.42641568096867377,3990
481,107.21,1,0.18,0.7861873587487627,37,3.6155918417855895,3990
482,-84.33,0,0.18,0.7857942650693883,39,2.5584658688763664,3991
483,-80.64,0,0.18,0.7854013679368537,12,8.906071983096965,3991
484,-82.41,0,0.18,0.7850086672528853,153,0.9291350940298106,3997
485,106.62,1,0.19,0.784616162919259,4,33.85325685645337,3997
486,105.88,1,0.2,0.7842238548377993,11,9.623195772242987,3998
487,105.82,1,0.21,0.7838317429103805,114,1.2643739550929871,3998
488,-82.59,0,0.21,0.7834398270389253,57,1.8927107663847875,4023
489,-82.87,0,0.21,0.783048107125406,26,3.8905656998783638,4028
490,-8.299999999999999,0,0.21,0.7826565830718433,160,0.9496354758086818,4035
491,-84.0,0,0.21,0.7822652547803074,5,14.575630541615189,4035
492,-84.45,0,0.21,0.7818741221529173,160,1.0816743346705624,4035
493,-82.9,0,0.21,0.7814831850918409,15,3.2210272044902672,4036
494,-82.7,0,0.21,0.781092443499295,40,3.307489043676411,4036
495,-11.650000000000002,0,0.21,0.7807018972775454,160,0.6900775575409316,4036
496,-59.07,0,0.21,0.7803115463289066,6,8.06268554285479,4036
497,106.1,1,0.22,0.7799213905557423,25,5.004815898040914,4036
498,-11.0,0,0.22,0.7795314298604644,160,0.8343952707774588,4036
499,-82.11,0,0.22,0.7791416641455342,23,3.2326648718973057,4036
500,-82.66,0,0.21,0.7787520933134615,8,12.58957496745279,4036
501,-84.13000000000001,0,0.21,0.7783627172668048,119,1.0443552179182998,4043
502,-11.1,0,0.21,0.7779735359081715,160,0.7389030919164651,4043
503,-123.62,0,0.2,0.7775845491402175,76,2.612743571353831,4049
504,-129.4,0,0.19,0.7771957568656473,10,13.533603420481088,4049
505,-11.05,0,0.19,0.7768071589872145,160,0.6736148906690359,4049
506,-83.52000000000001,0,0.19,0.776418755407721,76,1.5098400736966562,4056
507,-11.05,0,0.19,0.7760305460300172,160,0.735180228400277,4057
508,-59.54,0,0.19,0.7756425307570022,147,0.9314935353403867,4057
509,-85.0,0,0.19,0.7752547094916237,15,4.9846968479476255,4058
510,-10.950000000000001,0,0.18,0.7748670821368779,160,0.5866799837640428,4058
511,106.87,1,0.19,0.7744796485958095,4,26.400859624296427,4058
512,106.08,1,0.2,0.7740924087715116,11,9.916330100358888,4058
513,-129.54,0,0.2,0.773705362567126,92,1.9196007524564882,4061
514,-127.74000000000001,0,0.2,0.7733185098858425,27,8.163357383472913,4062
515,106.62,1,0.21,0.7729318506308996,4,28.305088739395142,4062
516,-77.38,0,0.2,0.7725453847055842,84,1.8737969368458391,4086
517,-84.36,0,0.2,0.7721591120132315,8,9.928119231877062,4086
518,-80.08,0,0.2,0.771773032457225,129,1.187083177984757,4098
519,-78.81,0,0.19,0.7713871459409963,98,1.2287803111289648,4122
520,-82.98,0,0.18,0.7710014523680259,14,9.953999949057055,4122
521,-83.39,0,0.18,0.7706159516418419,132,1.2819256372188597,4123
522,-129.07,0,0.18,0.770230643666021,31,4.9951033547332875,4126
523,-10.6,0,0.18,0.7698455283441881,160,0.6892576543724863,4126
524,108.16,1,0.19,0.769460605580016,12,13.59722570379575,4130
525,-79.61,0,0.18,0.7690758752772261,28,3.1207118164787038,4130
526,-84.06,0,0.18,0.7686913373395875,8,9.546148867253214,4130
527,-84.17,0,0.17,0.7683069916709178,6,12.198077161641171,4130
528,-83.02000000000001,0,0.17,0.7679228381750823,21,6.833506511595943,4131
529,106.51,1,0.18,0.7675388767559949,7,15.421594424106713,4131
530,-81.12,0,0.18,0.7671551073176169,11,9.970335479299115,4131
531,-83.50999999999999,0,0.18,0.7667715297639581,158,0.760066376995086,4132
532,-84.27,0,0.17,0.7663881439990762,6,14.46066142356644,4132
533,-10.75,0,0.17,0.7660049499270767,160,0.3246206721925228,4133
534,-81.83,0,0.16,0.7656219474521132,24,5.852007818134541,4133
535,-128.43,0,0.16,0.7652391364783871,14,11.178938800041962,4133
536,-9.75,0,0.16,0.764856516910148,160,0.16872777089740748,4133
537,-10.6,0,0.16,0.764474088651693,160,0.7168525879919306,4133
538,-83.25,0,0.16,0.7640918516073671,60,1.994935012665422,4137
539,-84.04,0,0.16,0.7637098056815635,17,5.305822536388604,4137
540,-11.0,0,0.15,0.7633279507787228,160,0.5006542804549244,4138
541,-10.65,0,0.15,0.7629462868033335,160,0.7260705079248291,4138
542,-84.55000000000001,0,0.15,0.7625648136599319,10,8.593793309174739,4139
543,-8.75,0,0.15,0.762183531253102,160,0.30412261900260457,4164
544,-83.6,0,0.15,0.7618024394874755,30,3.276882352418848,4166
545,-82.75,0,0.15,0.7614215382677318,105,1.379665228040013,4166
546,-84.52000000000001,0,0.14,0.761040827498598,11,9.870060864626007,4166
547,-82.28,0,0.14,0.7606603070848488,24,3.956347053608576,4166
548,-81.89,0,0.14,0.7602799769313064,22,4.438464024350568,4166
549,-11.2,0,0.14,0.7598998369428408,160,0.6484760177760618,4166
550,-7.800000000000001,0,0.14,0.7595198870243695,160,0.5132177516127412,4173
551,-79.30000000000001,0,0.14,0.7591401270808573,30,3.973202264991589,4175
552,-10.1,0,0.14,0.7587605570173169,160,0.16416974987523736,4175
553,-81.88,0,0.14,0.7583811767388083,9,13.368069897276452,4175
554,-77.86,0,0.14,0.758001986150439,43,6.2507713535562335,4181
555,-129.65,0,0.14,0.7576229851573638,20,7.128043097992893,4181
556,106.3,1,0.15,0.7572441736647851,10,10.686321763683576,4181
557,106.62,1,0.16,0.7568655515779528,4,24.705501828193665,4181
558,-59.370000000000005,0,0.16,0.7564871188021638,71,1.5028636150062085,4183
559,-84.62,0,0.15,0.7561088752427627,11,6.667254090955143,4183
560,-10.35,0,0.15,0.7557308208051414,160,0.6701219501098675,4183
561,-9.200000000000001,0,0.15,0.7553529553947389,160,0.4568447298373794,4192
562,-10.7,0,0.15,0.7549752789170415,160,0.6385920690977946,4192
563,-6.850000000000001,0,0.15,0.7545977912775831,160,0.35864001695922704,4211
564,106.47,1,0.16,0.7542204923819443,4,32.39492590099573,4211
565,-128.27,0,0.16,0.7538433821357534,16,10.643534257634311,4212
566,-84.24,0,0.16,0.7534664604446856,7,9.060332715298449,4212
567,-82.46000000000001,0,0.16,0.7530897272144633,8,7.2912184714619075,4212
568,-84.19,0,0.16,0.7527131823508562,117,1.3938566594341626,4212
569,106.62,1,0.17,0.7523368257596807,4,30.894970444142817,4212
570,107.27,1,0.17,0.751960657346801,49,2.36528315370527,4212
571,-80.27,0,0.17,0.7515846770181276,56,4.377204126239522,4224
572,-83.44,0,0.16,0.7512088846796185,92,1.777875251599648,4226
573,-84.10000000000001,0,0.16,0.7508332802372788,10,18.82848079000227,4226
574,106.95,1,0.17,0.7504578635971602,75,2.4645575150374324,4226
575,-9.5,0,0.17,0.7500826346653616,160,0.16340639136346,4230
576,-125.94,0,0.16,0.7497075933480289,57,4.1003333641259045,4232
577,-83.00999999999999,0,0.16,0.7493327395513549,158,1.231621081505569,4239
578,-83.72,0,0.16,0.7489580731815793,11,8.51142964306118,4240
579,105.82,1,0.17,0.7485835941449885,9,11.721834781622617,4243
580,-84.31,0,0.17,0.748209302347916,38,3.060692140585743,4245
581,-10.4,0,0.16,0.7478351976967421,160,0.6843823531371672,4245
582,-82.43,0,0.16,0.7474612800978938,154,1.2782334232049868,4253
583,-6.450000000000002,0,0.16,0.747087549457845,160,0.5620945386028615,4285
584,-9.950000000000001,0,0.16,0.7467140056831161,160,0.5661945396563597,4285
585,108.01,1,0.16,0.7463406486802746,42,3.4674530891874538,4287
586,-128.2,0,0.15,0.7459674783559345,20,14.408678244999608,4289
587,-84.72,0,0.14,0.7455944946167565,11,14.957204031846908,4289
588,-81.92999999999999,0,0.14,0.7452216973694482,59,1.6431832240536508,4296
589,-84.36999999999999,0,0.14,0.7448490865207635,61,1.6465917355326751,4300
590,-10.65,0,0.14,0.7444766619775032,160,0.7979546426715678,4300
591,-83.3,0,0.14,0.7441044236465144,70,1.2759052190980706,4306
592,-84.46000000000001,0,0.14,0.7437323714346912,13,6.6966973127711285,4307
593,-84.24000000000001,0,0.14,0.7433605052489739,12,10.658116546114908,4307
594,-10.9,0,0.14,0.7429888249963494,160,0.9104883959633299,4307
595,-83.67999999999999,0,0.14,0.7426173305838513,69,1.754477393458179,4307
596,-78.83,0,0.14,0.7422460219185594,94,1.0930466229727422,4312
597,106.72,1,0.14,0.7418748989076002,4,33.17650915384293,4312
598,-84.46,0,0.14,0.7415039614581465,8,16.622884276155382,4312
599,-5.7,0,0.14,0.7411332094774175,160,0.8760354218084394,4317
600,113.35,1,0.15,0.7407626428726788,30,4.45161752400361,4317
601,-10.0,0,0.15,0.7403922615512425,160,0.42768387822497606,4317
602,107.72,1,0.16,0.7400220654204669,4,26.941925926208494,4317
603,-84.67,0,0.16,0.7396520543877567,11,8.529883437248117,4317
604,-84.22,0,0.16,0.7392822283605629,36,2.5321290546534065,4317
605,-84.06,0,0.16,0.7389125872463826,23,4.506436440303274,4323
606,107.92,1,0.17,0.7385431309527595,19,8.158349604750248,4323
607,106.62,1,0.18,0.7381738593872831,4,32.9263575525349,4323
608,-127.34,0,0.18,0.7378047724575895,112,1.6169987362995315,4326
609,-128.34,0,0.18,0.7374358700713607,122,1.6608988710711556,4329
610,-82.13000000000001,0,0.18,0.737067152136325,14,5.564676676562854,4329
611,-82.66999999999999,0,0.17,0.7366986185602569,151,1.3489349298997295,4334
612,-10.75,0,0.16,0.7363302692509768,160,0.9718745272301603,4334
613,-10.5,0,0.16,0.7359621041163513,160,0.8914164496777812,4334
614,-8.55,0,0.16,0.7355941230642932,160,0.35545180767554846,4334
615,-84.41,0,0.15,0.735226326002761,8,9.283048629853875,4334
616,-81.84,0,0.15,0.7348587128397597,32,5.717469273817187,4334
617,107.25,1,0.16,0.7344912834833398,115,1.4636686769026819,4334
618,-10.049999999999999,0,0.16,0.7341240378415982,160,0.30082330263460244,4334
619,-129.11,0,0.16,0.7337569758226774,133,1.6188737206217567,4337
620,106.58,1,0.17,0.7333900973347661,126,1.3236005388460461,4337
621,-10.65,0,0.17,0.7330234022860987,160,0.7990953638392967,4337
622,106.62,1,0.18,0.7326568905849558,4,26.995477764606477,4337
623,-11.200000000000001,0,0.18,0.7322905621396634,160,0.9931591835489381,4337
624,-84.19,0,0.17,0.7319244168585936,7,12.637784192041893,4337
625,-84.01,0,0.17,0.7315584546501643,78,1.1697371540235868,4337
626,-129.63,0,0.17,0.7311926754228393,119,1.1410247009087593,4358
627,-9.55,0,0.17,0.7308270790851279,160,0.6498783541126505,4358
628,-129.98,0,0.17,0.7304616655455853,109,2.106553866981503,4361
629,-128.54,0,0.16,0.7300964347128126,142,1.2699021528244205,4365
630,-82.89999999999999,0,0.16,0.7297313864954562,20,8.076117922983599,4365
631,-83.57000000000001,0,0.16,0.7293665208022085,11,8.202325097076933,4366
632,106.94,1,0.17,0.7290018375418075,73,2.2692927660935633,4366
633,-10.0,0,0.17,0.7286373366230366,160,0.7143515344716216,4366
634,-84.72,0,0.17,0.7282730179547252,111,1.5550303056646508,4367
635,-10.9,0,0.17,0.7279088814457478,160,1.0875702328766639,4367
636,-10.700000000000001,0,0.17,0.727544927005025,160,0.9322549113795832,4367
637,-10.950000000000001,0,0.17,0.7271811545415225,160,1.007077519907558,4367
638,-83.35,0,0.17,0.7268175639642518,110,1.1447923670423148,4368
639,107.32,1,0.18,0.7264541551822697,24,4.915262675234892,4368
640,-7.95,0,0.18,0.7260909281046787,160,0.6115079741480258,4378
641,-84.13000000000001,0,0.18,0.7257278826406264,19,9.309677428178498,4379
642,107.91,1,0.19,0.7253650186993061,22,5.858915635972993,4379
643,106.62,1,0.2,0.7250023361899566,4,28.078778447024526,4379
644,106.57000000000001,1,0.21,0.7246398350218617,4,27.614254078865052,4379
645,-10.15,0,0.21,0.7242775151043508,160,1.0549945725193612,4379
646,-83.97,0,0.21,0.7239153763467987,96,1.2433247559760277,4379
647,-83.86,0,0.21,0.7235534186586253,88,1.174134322996572,4380
648,-82.7,0,0.21,0.7231916419492961,10,15.24310528874211,4382
649,-77.36,0,0.21,0.7228300461283215,48,2.823636049210327,4387
650,-80.14,0,0.21,0.7224686311052574,122,1.487056838344691,4394
651,106.67999999999999,1,0.22,0.7221073967897048,11,12.655701105327514,4394
652,-83.94,0,0.22,0.72174634309131,7,12.453501203273024,4395
653,-83.6,0,0.22,0.7213854699197644,110,1.4552318252769076,4396
654,106.64,1,0.23,0.7210247771848045,28,3.8998304379378843,4397
655,-82.37,0,0.23,0.7206642647962122,126,0.7396056171956598,4406
656,-83.71000000000001,0,0.22,0.7203039326638141,18,6.51230211391062,4410
657,-78.64,0,0.21,0.7199437806974822,32,3.1229459283143663,4410
658,-11.2,0,0.21,0.7195838088071335,160,1.0867027110140772,4410
659,-83.95,0,0.21,0.71922401690273,10,9.992085620827973,4410
660,-10.200000000000001,0,0.21,0.7188644048942786,160,0.7556175815504395,4410
661,-10.35,0,0.21,0.7185049726918316,160,0.9508929644501769,4410
662,-85.13,0,0.21,0.7181457202054857,154,1.1835478673934468,4410
663,-84.11,0,0.21,0.717786647345383,133,1.3509150938538368,4412
664,-83.88,0,0.2,0.7174277540217103,114,1.7444445522328667,4412
665,108.36,1,0.21,0.7170690401446995,17,11.17965746305828,4412
666,-10.9,0,0.21,0.7167105056246272,160,1.0214865271570162,4412
667,-84.0,0,0.21,0.716352150371815,10,8.374180672502145,4412
668,-11.25,0,0.21,0.7159939742966291,160,0.9682067355103792,4412
669,-83.82,0,0.2,0.7156359773094809,6,14.25165036125928,4412
670,-129.24,0,0.19,0.7152781593208262,77,2.362797533874011,4416
671,109.78,1,0.2,0.7149205202411658,91,2.504670287018417,4423
672,107.34,1,0.21,0.7145630599810453,8,15.878499195950571,4423
673,-82.08999999999999,0,0.21,0.7142057784510548,57,2.2389774768239117,4431
674,-84.45,0,0.2,0.7138486755618293,10,10.042865501416848,4431
675,106.25,1,0.21,0.7134917512240484,10,10.584641025709919,4431
676,106.62,1,0.22,0.7131350053484364,4,35.779366619586945,4431
677,-84.19,0,0.22,0.7127784378457622,7,15.317017188519241,4431
678,-10.1,0,0.22,0.7124220486268393,160,0.9028618172176066,4432
679,-59.190000000000005,0,0.21,0.712065837602526,37,2.299229255434959,4433
680,-81.92,0,0.21,0.7117098046837247,76,2.787951846940529,4433
681,-10.5,0,0.21,0.7113539497813829,160,1.2128043310328214,4435
682,-10.4,0,0.21,0.7109982728064922,160,1.2315054106523748,4435
683,-82.61,0,0.21,0.710642773670089,18,7.938979599648851,4435
684,-10.4,0,0.21,0.710287452283254,160,1.2636645835032687,4435
685,-77.08,0,0.2,0.7099323085571124,149,2.3878904351920216,4441
686,-82.56,0,0.2,0.7095773424028339,8,12.553158989569637,4441
687,-84.24,0,0.2,0.7092225537316325,7,12.591081823911518,4441
688,-10.0,0,0.2,0.7088679424547667,160,0.7061353525670057,4441
689,-83.80000000000001,0,0.2,0.7085135084835393,45,2.6524068976487554,4443
690,-84.49000000000001,0,0.2,0.7081592517292976,7,10.937625691397407,4443
691,-10.8,0,0.2,0.707805172103433,160,1.2723006303733857,4443
692,-85.51,0,0.2,0.7074512695173812,23,4.122013235010571,4443
693,-83.49,0,0.2,0.7070975438826226,152,1.7157368203680534,4445
694,-84.56,0,0.2,0.7067439951106813,18,7.167843044911925,4445
695,-84.07,0,0.2,0.7063906231131261,56,2.735939752112775,4449
696,-82.84,0,0.2,0.7060374278015695,17,6.39695252884467,4451
697,106.62,1,0.2,0.7056844090876688,4,26.663290233612063,4451
698,-10.450000000000001,0,0.2,0.705331566883125,160,1.5630311936924701,4451
699,-10.950000000000001,0,0.2,0.7049789010996835,160,0.7060071186871283,4451
700,-83.98,0,0.19,0.7046264116491338,9,9.900326779158268,4452
701,-10.549999999999999,0,0.19,0.7042740984433092,160,1.3263262075642124,4452
702,106.62,1,0.19,0.7039219613940876,4,33.22857017815113,4452
703,-10.0,0,0.19,0.7035700004133906,160,1.4572516743873638,4452
704,108.21,1,0.2,0.703218215413184,12,10.289674347590966,4452
705,-67.88,0,0.2,0.7028666063054774,49,3.2801608328685656,4453
706,107.72,1,0.2,0.7025151730023247,4,25.665043272972106,4453
707,-81.28,0,0.19,0.7021639154158236,19,10.70629229699237,4453
708,-128.34,0,0.19,0.7018128334581157,12,12.909342935246725,4458
709,-84.3,0,0.19,0.7014619270413868,45,2.2911540634754863,4459
710,-83.68,0,0.19,0.7011111960778661,14,8.517642431468039,4459
711,-11.15,0,0.19,0.7007606404798272,160,1.9112808940096293,4459
712,-82.76,0,0.19,0.7004102601595873,18,10.42783462451564,4463
713,106.92999999999999,1,0.2,0.7000600550295075,11,13.620664115282283,4463
714,-7.050000000000001,0,0.2,0.6997100250019928,160,1.0007152853284207,4491
715,107.44,1,0.21,0.6993601699894918,73,1.6660369937392454,4508
716,-79.52,0,0.21,0.6990104899044971,16,6.23209748535417,4508
717,-10.450000000000001,0,0.2,0.6986609846595448,160,1.6234034840557725,4508
718,-128.86,0,0.2,0.6983116541672151,13,10.788306204754717,4510
719,-83.85,0,0.2,0.6979624983401315,10,10.825634945385158,4510
720,-9.549999999999999,0,0.19,0.6976135170909614,160,0.9136572344701781,4510
721,-79.72,0,0.19,0.697264710332416,26,6.1815111329130685,4510
722,-83.99,0,0.18,0.6969160779772499,17,8.725186099440188,4511
723,-84.08999999999999,0,0.18,0.6965676199382612,7,24.27235793020044,4511
724,-82.72,0,0.18,0.6962193361282921,86,1.52369915863407,4519
725,-84.28,0,0.18,0.695871226460228,9,9.979928818546856,4519
726,-83.41,0,0.18,0.6955232908469979,8,11.707898157117889,4519
727,-83.59,0,0.18,0.6951755292015744,7,11.003644209488161,4519
728,-81.56,0,0.18,0.6948279414369737,18,8.671261271741242,4519
729,-10.55,0,0.18,0.6944805274662552,160,1.6120570951752307,4519
730,-59.59,0,0.18,0.6941332872025221,137,2.0601851174166685,4519
731,-84.03,0,0.18,0.6937862205589209,114,2.513455690755223,4521
732,-83.22,0,0.17,0.6934393274486415,116,2.8047083462579656,4521
733,-82.55,0,0.17,0.6930926077849172,75,2.4080488430190057,4522
734,-83.8,0,0.17,0.6927460614810248,70,2.88127794543228,4523
735,114.91,1,0.18,0.6923996884502843,37,5.4428813499695545,4526
736,-10.35,0,0.18,0.6920534886060592,160,1.8548418150743238,4526
737,106.15,1,0.19,0.6917074618617562,70,2.414214223232087,4526
738,105.81,1,0.2,0.6913616081308254,127,2.670003358178926,4527
739,-10.9,0,0.19,0.69101592732676,160,1.5788126550454182,4527
740,-10.95,0,0.19,0.6906704193630966,160,1.8626831810176374,4527
741,-83.3,0,0.19,0.6903250841534151,90,1.3763037428586846,4527
742,-83.97999999999999,0,0.18,0.6899799216113385,64,1.2855283440312177,4527
743,-84.79,0,0.17,0.6896349316505328,137,2.151462717353856,4527
744,-84.22,0,0.16,0.6892901141847075,6,14.356733461680513,4527
745,-10.05,0,0.16,0.6889454691276152,160,0.9939297281615054,4527
746,-127.33,0,0.16,0.6886009963930515,129,2.9296735666753806,4534
747,-10.7,0,0.16,0.688256695894855,160,1.7155312194859145,4534
748,105.87,1,0.17,0.6879125675469077,9,12.524011634571684,4534
749,-84.12,0,0.17,0.6875686112631343,11,10.059276266067966,4534
750,-79.46000000000001,0,0.17,0.6872248269575028,38,7.869350972455818,4534
751,111.39,1,0.17,0.6868812145440241,18,7.068496339149359,4534
752,-82.95,0,0.17,0.6865377739367521,85,1.9392723123166054,4534
753,106.57000000000001,1,0.18,0.6861945050497837,4,31.44430648326874,4534
754,111.49,1,0.18,0.6858514077972588,108,2.813934064021989,4536
755,-10.95,0,0.18,0.6855084820933602,160,1.6471058555990457,4536
756,106.53,1,0.19,0.6851657278523136,111,2.2830606913130294,4537
757,-84.16,0,0.19,0.6848231449883875,148,1.980867716199215,4539
758,-10.950000000000001,0,0.19,0.6844807334158933,160,1.6908771451261126,4541
759,112.93,1,0.2,0.6841384930491854,126,1.4248362840216704,4558
760,-124.76,0,0.2,0.6837964238026608,28,8.909663741194443,4569
761,-81.96000000000001,0,0.2,0.6834545255907595,53,1.925673673795097,4574
762,-84.64,0,0.2,0.6831127983279641,12,10.86004600807714,4574
763,-10.8,0,0.2,0.6827712419288002,160,1.4346730734784505,4574
764,-10.0,0,0.2,0.6824298563078359,160,1.1828732770914794,4575
765,-81.39,0,0.19,0.6820886413796821,32,5.436753992668237,4575
766,-10.4,0,0.19,0.6817475970589922,160,1.4654442541627213,4575
767,-84.31,0,0.19,0.6814067232604628,8,6.807502254373394,4575
768,-10.75,0,0.19,0.6810660198988326,160,1.5483450581096112,4575
769,-84.57000000000001,0,0.19,0.6807254868888832,11,8.984693816815588,4575
770,108.41,1,0.2,0.6803851241454388,17,15.278562944783719,4575
771,-81.96000000000001,0,0.19,0.6800449315833662,38,4.075479423624661,4577
772,109.23,1,0.19,0.6797049091175745,26,6.964579378858101,4577
773,-81.89,0,0.19,0.6793650566630158,12,11.600064338517065,4577
774,-128.9,0,0.19,0.6790253741346843,20,7.23194694174081,4578
775,-10.7,0,0.18,0.678685861447617,160,1.3617088504955173,4578
776,-9.75,0,0.17,0.6783465185168932,160,1.0025883178488075,4578
777,-82.99000000000001,0,0.17,0.6780073452576348,137,1.8193210093099217,4578
778,-83.51,0,0.17,0.6776683415850061,8,10.213658612254076,4578
779,-84.0,0,0.17,0.6773295074142136,35,9.546236527185222,4581
780,-10.5,0,0.17,0.6769908426605066,160,1.54525987140683,4581
781,-84.39999999999999,0,0.17,0.6766523472391763,10,9.659317134059034,4581
782,-83.17,0,0.17,0.6763140210655568,21,7.61835860090031,4581
783,-10.5,0,0.17,0.6759758640550241,160,1.2493222789587453,4581
784,-10.85,0,0.17,0.6756378761229966,160,1.557001553406939,4581
785,-84.36,0,0.17,0.6753000571849351,8,10.705045859731035,4581
786,-83.75999999999999,0,0.17,0.6749624071563427,78,2.7488122337015395,4582
787,-84.41,0,0.17,0.6746249259527646,8,11.429637518431992,4582
788,-10.549999999999999,0,0.17,0.6742876134897883,160,1.4577997299507262,4582
789,106.67999999999999,1,0.18,0.6739504696830434,11,9.775696347769857,4582
790,-82.42,0,0.18,0.673613494448202,21,5.2128378475166945,4588
791,-84.36,0,0.18,0.6732766877009779,8,9.66121364709339,4588
792,-10.5,0,0.18,0.6729400493571275,160,1.3735150390889033,4588
793,114.37,1,0.19,0.672603579332449,29,9.39585063269683,4589
794,-81.44,0,0.19,0.6722672775427828,67,3.239235380617124,4591
795,-83.47,0,0.19,0.6719311439040114,11,7.948974702389573,4591
796,-81.78999999999999,0,0.19,0.6715951783320595,12,8.582361111392578,4592
797,-10.45,0,0.18,0.6712593807428935,160,1.6689916192502716,4592
798,109.28,1,0.19,0.6709237510525221,21,13.756420679864961,4592
799,-11.200000000000001,0,0.19,0.6705882891769959,160,1.6538637019954623,4592
800,107.83,1,0.2,0.6702529950324074,26,12.900647832314268,4592
801,-78.56,0,0.2,0.6699178685348912,58,3.2705279363592252,4597
802,-82.60000000000001,0,0.19,0.6695829096006238,20,6.818501625623089,4597
803,-83.79,0,0.19,0.6692481181458235,7,10.197171445998496,4597
804,-82.97,0,0.18,0.6689134940867506,16,7.164314081652556,4597
805,-83.71000000000001,0,0.18,0.6685790373397072,48,3.532242407134618,4597
806,-80.55000000000001,0,0.17,0.6682447478210375,40,10.339416801866028,4599
807,-7.100000000000004,0,0.17,0.667910625447127,160,0.9562598509281525,4640
808,-10.950000000000001,0,0.17,0.6675766701344035,160,1.4027648961892412,4641
809,-84.72,0,0.17,0.6672428817993363,11,7.098968930356205,4641
810,109.38,1,0.18,0.6669092603584367,41,4.565166507668498,4646
811,-84.44,0,0.18,0.6665758057282575,7,14.69970228053696,4646
812,-80.91999999999999,0,0.18,0.6662425178253933,36,8.247755626049928,4647
813,-82.61999999999999,0,0.17,0.6659093965664807,11,8.43267463105646,4647
814,-10.4,0,0.17,0.6655764418681975,160,1.2097912118285896,4647
815,-82.78,0,0.16,0.6652436536472635,74,2.4583901475952636,4653
816,110.42999999999999,1,0.17,0.6649110318204399,26,8.07394656453425,4653
817,-84.18,0,0.17,0.6645785763045297,79,2.5140471509334787,4655
818,-84.44,0,0.17,0.6642462870163774,7,14.284365065089826,4655
819,106.72,1,0.18,0.6639141638728693,4,25.374590737819673,4655
820,106.52,1,0.19,0.6635822067909328,4,34.023371391296386,4655
821,-128.55,0,0.19,0.6632504156875374,15,11.958172339270513,4658
822,-10.450000000000001,0,0.19,0.6629187904796937,160,1.9817207021660288,4658
823,-83.69999999999999,0,0.19,0.6625873310844539,10,9.709471529881702,4658
824,-127.36,0,0.19,0.6622560374189117,48,2.822816564618282,4664
825,-11.200000000000001,0,0.19,0.6619249094002023,160,1.678390734871151,4664
826,-80.22,0,0.19,0.6615939469455022,141,2.465860072266441,4670
827,-130.0,0,0.19,0.6612631499720295,15,13.948926577598478,4672
828,-10.149999999999999,0,0.19,0.6609325183970435,160,1.8446214566939743,4672
829,-128.06,0,0.19,0.660602052137845,153,2.9064252967046107,4673
830,-81.64,0,0.19,0.660271751111776,12,8.594388169987749,4673
831,107.1,1,0.2,0.6599416152362202,15,10.442393384659042,4674
832,-83.0,0,0.2,0.6596116444286021,25,11.701918558721989,4674
833,-11.049999999999999,0,0.2,0.6592818386063878,160,1.5701389900520444,4674
834,-59.22,0,0.2,0.6589521976870846,86,2.331841628952304,4674
835,-130.47,0,0.19,0.6586227215882411,96,3.0264661415209897,4679
836,-10.450000000000001,0,0.19,0.658293410227447,160,1.803567838218063,4679
837,111.0,1,0.19,0.6579642635223334,50,10.299873256479762,4682
838,-10.75,0,0.18,0.6576352813905723,160,1.4669221743749221,4682
839,106.33,1,0.19,0.657306463749877,66,2.5851995360665114,4682
840,114.35,1,0.2,0.6569778105180021,35,7.758336737935148,4682
841,-82.9,0,0.2,0.6566493216127431,10,11.791399221785367,4682
842,-84.72,0,0.2,0.6563209969519368,11,13.401582306171345,4682
843,107.09,1,0.21,0.6559928364534608,13,9.392633149635333,4682
844,-84.51,0,0.21,0.6556648400352342,63,3.636319654841412,4682
845,-81.92,0,0.21,0.6553370076152166,6,18.77864127713566,4682
846,-83.6,0,0.21,0.655009339111409,50,3.549133092034969,4683
847,-11.15,0,0.21,0.6546818344418533,160,1.9166194608827647,4683
848,-11.250000000000002,0,0.2,0.6543544935246325,160,1.4447337753940375,4683
849,106.62,1,0.21,0.6540273162778703,4,29.429564933776856,4683
850,-10.200000000000001,0,0.21,0.6537003026197313,160,1.6705000129528345,4683
851,-78.78,0,0.2,0.6533734524684215,24,5.539628565857808,4684
852,-83.08999999999999,0,0.2,0.6530467657421873,62,3.1000888206909276,4685
853,-83.81,0,0.19,0.6527202423593162,13,6.534598012402511,4685
854,-82.19,0,0.18,0.6523938822381367,17,8.995625989176332,4686
855,-83.75,0,0.18,0.6520676852970176,10,16.286775459531693,4687
856,106.8,1,0.18,0.6517416514543691,15,7.492647572065393,4691
857,107.42999999999999,1,0.19,0.651415780628642,16,21.055131580886663,4691
858,-11.100000000000001,0,0.19,0.6510900727383278,160,1.6929563423520886,4691
859,107.31,1,0.19,0.6507645277019586,12,10.558264598557725,4691
860,-10.450000000000001,0,0.19,0.6504391454381077,160,1.4161470718840137,4691
861,105.31,1,0.2,0.6501139258653886,87,2.871168431507145,4692
862,-11.0,0,0.2,0.649788868902456,160,1.3511246361704543,4692
863,-84.22,0,0.2,0.6494639744680049,11,10.531597953971307,4692
864,-126.31,0,0.2,0.6491392424807709,28,5.449384590192266,4697
865,106.53999999999999,1,0.21,0.6488146728595305,13,9.172661715820432,4697
866,110.6,1,0.22,0.6484902655231009,20,11.176397750215605,4700
867,-84.36,0,0.22,0.6481660203903393,8,9.280983533915132,4700
868,109.13,1,0.23,0.6478419373801442,141,2.9554290055358576,4706
869,-83.75,0,0.23,0.6475180164114541,105,2.3979310660034066,4706
870,-83.25,0,0.22,0.6471942574032484,15,9.392837278530001,4706
871,-85.02,0,0.22,0.6468706602745469,146,1.8648032817745912,4706
872,107.17,1,0.22,0.6465472249444096,69,1.8918690307678965,4722
873,-10.55,0,0.22,0.6462239513319374,160,1.5455689555560965,4722
874,-11.0,0,0.22,0.6459008393562715,160,1.4198486812114715,4722
875,-10.1,0,0.22,0.6455778889365934,160,1.2592489784916323,4722
876,-10.2,0,0.22,0.6452550999921252,160,1.6888083209823819,4722
877,-83.84,0,0.22,0.6449324724421291,7,24.899545056458027,4722
878,-10.700000000000001,0,0.22,0.6446100062059081,160,1.46576533381411,4722
879,-10.65,0,0.22,0.6442877012028052,160,1.394796595615102,4722
880,-84.23,0,0.22,0.6439655573522038,129,2.2994869490934704,4723
881,-83.14999999999999,0,0.22,0.6436435745735278,15,7.935246162285408,4723
882,106.06,1,0.23,0.6433217527862412,12,10.137526658189794,4726
883,-79.46,0,0.23,0.6430000919098481,23,14.172989035043056,4726
884,-84.72,0,0.23,0.6426785918638932,86,2.5098029208332733,4726
885,-83.27,0,0.23,0.6423572525679613,16,12.490037888900844,4728
886,-10.6,0,0.23,0.6420360739416774,160,1.169142831997655,4728
887,-11.15,0,0.23,0.6417150559047066,160,1.748090335930232,4728
888,-11.75,0,0.23,0.6413941983767543,160,1.2385323318168522,4728
889,-11.15,0,0.22,0.6410735012775659,160,1.6589505750471727,4728
890,107.23,1,0.23,0.6407529645269272,11,11.044081176546486,4728
891,-11.350000000000001,0,0.23,0.6404325880446637,160,1.5966397538877208,4728
892,-9.899999999999999,0,0.23,0.6401123717506414,160,0.2681363549417047,4729
893,-11.500000000000002,0,0.22,0.6397923155647661,160,1.7547382950567698,4729
894,-10.600000000000001,0,0.22,0.6394724194069837,160,1.4514167888397351,4729
895,-10.95,0,0.22,0.6391526831972802,160,1.5009520704317838,4729
896,-84.08999999999999,0,0.22,0.6388331068556816,12,9.025496359003396,4729
897,-84.39,0,0.22,0.6385136903022538,7,7.785601639470883,4729
898,-10.75,0,0.21,0.6381944334571027,160,0.811986842930317,4729
899,-85.06,0,0.21,0.6378753362403742,138,1.649250708370726,4732
900,-11.200000000000001,0,0.2,0.637556398572254,160,1.186433299451135,4732
901,-129.32000000000002,0,0.2,0.6372376203729679,16,10.599425907809055,4732
902,-11.05,0,0.2,0.6369190015627815,160,1.5809004985532957,4732
903,107.72,1,0.21,0.6366005420620001,4,25.15863432407379,4732
904,104.86,1,0.22,0.6362822417909691,157,1.939893462761946,4732
905,-10.700000000000001,0,0.22,0.6359641006700737,160,1.0982180697508157,4732
906,109.92,1,0.23,0.6356461186197387,24,8.600579883051493,4733
907,-123.89,0,0.23,0.6353282955604289,37,7.4888895847362065,4737
908,105.25,1,0.24,0.6350106314126487,120,2.448889059890993,4737
909,106.87,1,0.25,0.6346931260969424,4,26.043483446240426,4737
910,-10.55,0,0.24,0.634375779533894,160,1.2082941214182756,4737
911,-10.5,0,0.24,0.6340585916441271,160,1.2663417964148103,4737
912,-10.9,0,0.24,0.6337415623483051,160,1.1852143862638622,4737
913,-84.47,0,0.24,0.633424691567131,121,1.9443355188040017,4738
914,-10.5,0,0.24,0.6331079792213474,160,1.1640250001295935,4738
915,-11.250000000000002,0,0.24,0.6327914252317368,160,1.4777381845036288,4738
916,-84.57000000000001,0,0.23,0.6324750295191209,11,9.890047973361375,4741
917,-82.82000000000001,0,0.23,0.6321587920043614,16,11.875647165852135,4741
918,-11.05,0,0.23,0.6318427126083592,160,1.1557794716469945,4741
919,-11.4,0,0.22,0.6315267912520551,160,0.8899445095956325,4741
920,-11.850000000000001,0,0.21,0.6312110278564291,160,1.2554301007345494,4741
921,-10.9,0,0.21,0.630895422342501,160,1.212323506552726,4741
922,-10.25,0,0.21,0.6305799746313298,160,0.764471442386508,4741
923,-11.400000000000002,0,0.21,0.6302646846440141,160,1.5465866964450106,4741
924,-10.55,0,0.21,0.6299495523016921,160,1.2249425976769999,4741
925,-84.53,0,0.21,0.6296345775255413,84,2.08099371409088,4741
926,106.3,1,0.22,0.6293197602367786,10,12.699662582676858,4741
927,107.16,1,0.23,0.6290051003566602,12,9.487750559377794,4741
928,106.25,1,0.24,0.628690597806482,10,11.96980139523698,4741
929,-85.22,0,0.24,0.6283762525075788,156,1.6699300544930753,4741
930,-84.44,0,0.24,0.6280620643813251,12,7.092627032709109,4742
931,-84.2,0,0.23,0.6277480333491344,105,2.593924944135765,4742
932,-84.11,0,0.23,0.6274341593324599,8,8.82870965551585,4742
933,105.92,1,0.24,0.6271204422527937,64,3.864721878276905,4742
934,108.06,1,0.25,0.6268068820316673,27,11.625354214150942,4742
935,106.72,1,0.26,0.6264934785906515,4,28.519325499343687,4742
936,-84.44,0,0.26,0.6261802318513562,7,12.312240254777217,4742
937,-11.2,0,0.25,0.6258671417354306,160,1.214486957374902,4742
938,105.89999999999999,1,0.26,0.6255542081645629,15,7.086007819665596,4743
939,-79.86999999999999,0,0.25,0.6252414310604806,141,1.5160842025816004,4745
940,-10.75,0,0.24,0.6249288103449504,160,1.1732421082407236,4745
941,-84.57,0,0.24,0.624616345939778,11,7.836716023809699,4745
942,-11.35,0,0.24,0.6243040377668081,160,1.0166185404509305,4745
943,-9.600000000000001,0,0.23,0.6239918857479247,160,1.134668703066569,4745
944,-10.049999999999999,0,0.23,0.6236798898050508,160,1.4714883716984186,4745
945,106.56,1,0.24,0.6233680498601484,12,9.785494577681334,4745
946,-10.55,0,0.24,0.6230563658352183,160,0.8325469680246896,4745
947,-128.16,0,0.24,0.6227448376523007,153,2.7014803667681533,4749
948,-10.5,0,0.24,0.6224334652334746,160,1.263702235436882,4749
949,106.62,1,0.24,0.622122248500858,4,22.272737317085266,4749
950,-84.31,0,0.24,0.6218111873766076,8,13.633858923567459,4749
951,-11.0,0,0.24,0.6215002817829193,160,1.3797975878482684,4749
952,106.11,1,0.25,0.6211895316420278,22,6.46757726136976,4749
953,-7.4,0,0.25,0.6208789368762069,160,1.1250650640308741,4749
954,-80.62,0,0.25,0.6205684974077688,101,2.12517624858149,4758
955,106.72,1,0.26,0.6202582131590649,19,8.594380553589987,4758
956,-83.86999999999999,0,0.25,0.6199480840524855,6,12.549697982429837,4758
957,-83.06,0,0.24,0.6196381100104592,18,13.373203540605804,4758
958,-83.23,0,0.24,0.619328290955454,29,3.329725641142898,4762
959,-83.83999999999999,0,0.23,0.6190186268099763,7,18.25510602246438,4762
960,-11.25,0,0.23,0.6187091174965714,160,1.0476724156346173,4762
961,-10.65,0,0.22,0.6183997629378232,160,1.1405298918592746,4762
962,-80.16,0,0.22,0.6180905630563543,88,2.168417339408135,4769
963,-10.700000000000001,0,0.22,0.6177815177748261,160,1.5751649095830509,4769
964,-10.200000000000001,0,0.22,0.6174726270159387,160,1.9840233224072725,4769
965,-83.19,0,0.21,0.6171638907024308,152,2.431795775515738,4769
966,-10.85,0,0.2,0.6168553087570796,160,1.1929354506041856,4769
967,-10.200000000000001,0,0.2,0.6165468811027011,160,0.9949150500446559,4769
968,-83.85,0,0.19,0.6162386076621498,140,1.7884273175939118,4770
969,-10.450000000000001,0,0.19,0.6159304883583188,160,1.030842730510456,4770
970,-10.5,0,0.19,0.6156225231141397,160,0.8972928969301284,4770
971,-83.86,0,0.19,0.6153147118525827,8,18.816317344643174,4770
972,-10.9,0,0.18,0.6150070544966564,160,0.652475170106627,4770
973,-11.05,0,0.18,0.6146995509694081,160,1.0449142367574387,4770
974,-10.399999999999999,0,0.18,0.6143922011939235,160,0.8607088567130269,4770
975,107.57,1,0.19,0.6140850050933265,9,13.88060348920938,4770
976,-83.74000000000001,0,0.19,0.6137779625907799,12,7.997419020543846,4770
977,-10.700000000000001,0,0.19,0.6134710736094845,160,1.0861046804487706,4770
978,112.56,1,0.2,0.6131643380726798,37,9.313072371355107,4771
979,-10.600000000000001,0,0.2,0.6128577559036434,160,0.9055986853241921,4771
980,-11.15,0,0.2,0.6125513270256917,160,1.1555309546943753,4771
981,105.59,1,0.21,0.6122450513621789,93,1.8281942854899542,4773
982,-9.1,0,0.2,0.6119389288364978,160,0.9564826428261877,4776
983,107.06,1,0.21,0.6116329593720796,12,14.174207956808774,4776
984,-10.75,0,0.21,0.6113271428923936,160,1.0771533279865981,4776
985,-9.7,0,0.21,0.6110214793209475,160,1.1925700916651403,4776
986,-128.58,0,0.21,0.6107159685812871,14,10.607157204757845,4776
987,-84.00999999999999,0,0.21,0.6104106105969964,8,16.610292423181235,4776
988,-76.2,0,0.21,0.610105405291698,125,1.8495567610501311,4782
989,-127.83,0,0.21,0.6098003525890522,14,16.162656184056374,4784
990,-83.89999999999999,0,0.2,0.6094954524127577,10,6.596964963041246,4784
991,107.69,1,0.21,0.6091907046865513,13,11.316276152325937,4784
992,-84.41,0,0.21,0.6088861093342081,8,10.011748450141749,4784
993,-10.95,0,0.21,0.608581666279541,160,0.9812555274851621,4784
994,106.16,1,0.22,0.6082773754464013,132,1.7931163202820233,4786
995,-11.250000000000002,0,0.22,0.6079732367586781,160,0.6019144419133663,4786
996,-83.1,0,0.22,0.6076692501402988,35,5.319265363883426,4786
997,-79.42,0,0.22,0.6073654155152287,21,6.914985792723573,4787
998,-76.75999999999999,0,0.22,0.6070617328074711,48,3.197059905273296,4793
999,109.15,1,0.23,0.6067582019410674,15,15.014994058129687,4793
1000,-10.5,0,0.23,0.606454822840097,160,0.9397110500456767,4793
1001,-10.399999999999999,0,0.23,0.606151595428677,160,1.0577600957449758,4793
1002,-82.92999999999999,0,0.23,0.6058485196309628,149,1.7599783587248858,4794
1003,-84.12,0,0.22,0.6055455953711473,21,7.197504198366687,4794
1004,-4.749999999999999,0,0.21,0.6052428225734617,160,0.5890049531974255,4821
1005,-123.61,0,0.21,0.6049402011621751,53,5.406617093054964,4830
1006,-129.39000000000001,0,0.2,0.604637731061594,32,11.283476524553262,4831
1007,-83.57,0,0.2,0.6043354121960632,91,2.6890597338712476,4831
1008,-10.700000000000001,0,0.19,0.6040332444899652,160,1.072775992678362,4831
1009,108.63,1,0.19,0.6037312278677203,21,11.404848243264215,4831
1010,-81.92999999999999,0,0.19,0.6034293622537864,129,1.5332769954130199,4833
1011,-82.9,0,0.19,0.6031276475726596,15,10.89319020883289,4833
1012,-84.38,0,0.19,0.6028260837488733,159,1.0719816929353225,4834
1013,108.39,1,0.2,0.6025246707069989,18,14.65131882616836,4834
1014,-127.22000000000001,0,0.2,0.6022234083716455,16,15.999269180663541,4834
1015,-10.4,0,0.2,0.6019222966674597,160,1.0516180062890055,4834
1016,-11.0,0,0.2,0.601621335519126,160,0.8557876447886227,4834
1017,106.41,1,0.21,0.6013205248513664,77,1.4603183800439417,4834
1018,105.83,1,0.22,0.6010198645889407,26,5.5933421708213595,4835
1019,-69.54,0,0.22,0.6007193546566463,42,13.254243811290502,4836
1020,-83.96,0,0.22,0.6004189949793179,8,14.5335134389624,4836
1021,-127.38000000000001,0,0.22,0.6001187854818283,24,13.391298318796617,4837
1022,-10.9,0,0.22,0.5998187260890874,160,1.0292064783424137,4837
1023,-83.59,0,0.22,0.5995188167260429,7,14.525805797811065,4837
1024,-10.5,0,0.22,0.5992190573176799,160,1.0837209441619926,4837
1025,107.42999999999999,1,0.23,0.5989194477890211,16,19.210049656978807,4837
1026,-83.01,0,0.22,0.5986199880651266,18,8.22034791936477,4837
1027,-84.41,0,0.21,0.5983206780710941,8,12.717453946693567,4837
1028,-10.7,0,0.2,0.5980215177320586,160,0.7895235111564398,4837
1029,-7.500000000000002,0,0.2,0.5977225069731926,160,1.007430094299172,4848
1030,107.86,1,0.21,0.5974236457197061,22,7.810825805226658,4848
1031,-11.049999999999999,0,0.21,0.5971249338968463,160,1.175042032327503,4848
1032,-83.3,0,0.21,0.5968263714298979,10,16.568359794813208,4848
1033,108.07,1,0.21,0.596527958244183,14,12.826048000566661,4848
1034,-83.03,0,0.2,0.596229694265061,49,2.785162690428979,4848
1035,113.72999999999999,1,0.2,0.5959315794179285,41,17.77325466827921,4848
1036,106.2,1,0.21,0.5956336136282195,10,15.927162686869503,4848
1037,-81.72,0,0.21,0.5953357968214055,11,9.228817802037705,4848
1038,-84.72,0,0.2,0.5950381289229948,11,19.324383252600036,4848
1039,-10.6,0,0.2,0.5947406098585333,160,1.1300329642157303,4848
1040,108.17999999999999,1,0.21,0.594443239553604,11,16.324164216603066,4848
1041,-11.0,0,0.21,0.5941460179338273,160,1.2492153923795557,4848
1042,-81.14,0,0.21,0.5938489449248604,12,8.332428547746579,4848
1043,106.72,1,0.22,0.593552020452398,4,28.031679849238134,4848
1044,-80.14,0,0.22,0.5932552444421718,17,15.60877637314665,4849
1045,-11.25,0,0.21,0.5929586168199508,160,0.6691793741881847,4849
1046,105.97,1,0.22,0.5926621375115408,9,11.905784450603857,4849
1047,-10.799999999999999,0,0.22,0.5923658064427851,160,0.8369693411737681,4849
1048,109.81,1,0.23,0.5920696235395638,27,9.632926018272906,4849
1049,107.14,1,0.23,0.5917735887277941,103,1.7555043145351437,4849
1050,-10.5,0,0.23,0.5914777019334302,160,1.3993544029881013,4849
1051,-127.77,0,0.23,0.5911819630824635,21,10.434885610672866,4849
1052,106.62,1,0.23,0.5908863721009223,4,26.76842686653137,4849
1053,-11.0,0,0.23,0.5905909289148719,160,1.1022917730171466,4849
1054,-83.59,0,0.23,0.5902956334504145,7,8.483725507541426,4849
1055,-11.15,0,0.22,0.5900004856336893,160,1.0357962015910307,4849
1056,115.63,1,0.23,0.5897054853908725,61,16.07251814141656,4850
1057,105.6,1,0.24,0.5894106326481772,75,2.35299582473853,4850
1058,-10.549999999999999,0,0.24,0.5891159273318531,160,1.1373690402749925,4850
1059,-84.57000000000001,0,0.24,0.5888213693681873,11,6.660534582956779,4851
1060,-84.17,0,0.24,0.5885269586835032,6,11.58247720271349,4851
1061,-11.15,0,0.24,0.5882326952041615,160,1.1698196893297137,4851
1062,-11.000000000000002,0,0.24,0.5879385788565595,160,0.620376953035593,4851
1063,-84.14,0,0.24,0.5876446095671313,12,12.184621700795056,4851
1064,-126.17,0,0.24,0.5873507872623477,31,12.953745118097792,4852
1065,-128.62,0,0.24,0.5870571118687166,16,12.240615849518798,4852
1066,-10.9,0,0.24,0.5867635833127822,160,0.8739595754491165,4852
1067,-128.46,0,0.24,0.5864702015211258,78,2.8110663199879062,4855
1068,-84.44,0,0.24,0.5861769664203653,117,1.6595559845997507,4857
1069,-83.0,0,0.24,0.5858838779371551,10,14.835069271214307,4857
1070,112.89999999999999,1,0.25,0.5855909359981866,30,12.527566687323775,4857
1071,-84.24,0,0.25,0.5852981405301875,12,8.012481349303076,4857
1072,-10.85,0,0.25,0.5850054914599224,160,0.8175016519874334,4857
1073,-10.600000000000001,0,0.25,0.5847129887141925,160,1.2315178110757843,4857
1074,-84.64,0,0.25,0.5844206322198354,17,4.331788577898337,4860
1075,105.98,1,0.25,0.5841284219037255,11,11.257659564606676,4860
1076,-10.450000000000001,0,0.25,0.5838363576927736,160,0.6691517987856641,4860
1077,-121.75,0,0.25,0.5835444395139273,35,10.305471618403613,4862
1078,-11.2,0,0.24,0.5832526672941704,160,1.3396697090268135,4862
1079,-10.05,0,0.24,0.5829610409605233,160,0.9080775011780206,4863
1080,-84.87,0,0.24,0.582669560440043,11,12.871310521338813,4863
1081,-9.799999999999999,0,0.23,0.582378225659823,160,1.0126315299929118,4863
1082,-83.45,0,0.23,0.5820870365469931,120,1.4551222775923087,4863
1083,-84.33999999999999,0,0.22,0.5817959930287196,7,9.231389673677539,4863
1084,-10.75,0,0.22,0.5815050950322053,160,0.6333138796631246,4863
1085,106.66,1,0.23,0.5812143424846892,12,12.646487388548751,4863
1086,110.33,1,0.24,0.5809237353134469,16,18.378910034014844,4863
1087,-83.89,0,0.24,0.5806332734457902,97,1.4911882259410845,4864
1088,-10.6,0,0.24,0.5803429568090673,160,0.7188125627562403,4864
1089,-80.61999999999999,0,0.24,0.5800527853306628,16,16.222681291454208,4864
1090,-10.75,0,0.24,0.5797627589379976,160,1.1151082692993803,4864
1091,-9.95,0,0.23,0.5794728775585286,160,1.1699462365123907,4864
1092,-82.41,0,0.23,0.5791831411197493,8,8.139929781275569,4864
1093,-83.06,0,0.23,0.5788935495491895,18,12.3021354455625,4864
1094,-84.42,0,0.22,0.5786041027744149,11,12.820185643972998,4864
1095,-83.06,0,0.22,0.5783148007230277,38,4.2676652184677755,4866
1096,-84.77000000000001,0,0.22,0.5780256433226661,11,8.023430334020153,4866
1097,-84.29,0,0.22,0.5777366305010049,7,6.763258807647175,4866
1098,-10.75,0,0.22,0.5774477621857544,160,0.8605619583949446,4866
1099,-10.85,0,0.21,0.5771590383046616,160,0.9086299996338785,4866
1100,-9.899999999999999,0,0.21,0.5768704587855094,160,0.8900543586199637,4866
1101,-83.86,0,0.21,0.5765820235561167,8,13.26986424125731,4866
1102,113.5,1,0.22,0.5762937325443386,35,8.712517691160553,4867
1103,-10.799999999999999,0,0.22,0.5760055856780665,160,0.6092480364590884,4867
1104,-10.8,0,0.22,0.5757175828852275,160,0.9351178310625256,4867
1105,-84.19,0,0.22,0.5754297240937849,12,13.274910893121074,4867
1106,-82.35000000000001,0,0.22,0.5751420092317381,15,8.915918025658078,4867
1107,107.57,1,0.23,0.5748544382271222,14,9.999858557943787,4867
1108,-10.6,0,0.23,0.5745670110080087,160,1.014466676030308,4867
1109,107.61,1,0.23,0.5742797275025047,12,14.740340574284394,4867
1110,-10.45,0,0.23,0.5739925876387535,160,0.8098195452708752,4867
1111,-127.99000000000001,0,0.23,0.5737055913449342,117,1.6941602210046198,4873
1112,-10.65,0,0.23,0.5734187385492617,160,0.773013402922079,4873
1113,-10.3,0,0.22,0.5731320291799872,160,0.7487794433683156,4873
1114,-83.83,0,0.22,0.5728454631653972,54,2.820271748165531,4880
1115,105.92,1,0.23,0.5725590404338146,9,14.396294194666876,4880
1116,-83.72,0,0.23,0.5722727609135977,151,1.43483259644192,4880
1117,-81.45,0,0.22,0.571986624533141,15,17.3438155654793,4880
1118,-84.36999999999999,0,0.21,0.5717006312208744,41,2.649884375495972,4880
1119,106.25,1,0.22,0.571414780905264,10,14.894053453683853,4880
1120,-10.15,0,0.22,0.5711290735148113,160,0.8070803668498993,4880
1121,-10.85,0,0.22,0.570843508978054,160,0.5003481424450874,4880
1122,105.88,1,0.23,0.570558087223565,11,17.424533582915636,4880
1123,-128.70000000000002,0,0.23,0.5702728081799533,15,18.239523940697314,4880
1124,-84.36,0,0.23,0.5699876717758634,8,14.958256524009629,4880
1125,-129.43,0,0.22,0.5697026779399755,19,6.093516976490225,4886
1126,-82.05000000000001,0,0.22,0.5694178266010056,65,2.89337612677996,4887
1127,-10.25,0,0.22,0.5691331176877051,160,0.6561067805886268,4887
1128,107.88,1,0.23,0.5688485511288613,151,2.528552222535113,4891
1129,-124.73,0,0.23,0.5685641268532969,34,14.587010046576752,4892
1130,107.53999999999999,1,0.23,0.5682798447898704,13,11.917675476612953,4892
1131,-83.91,0,0.23,0.5679957048674754,8,12.5550864041585,4892
1132,105.82,1,0.24,0.5677117070150417,9,17.408056982556978,4892
1133,-84.39,0,0.23,0.5674278511615342,7,5.941416909524372,4892
1134,-84.46,0,0.23,0.5671441372359535,8,10.70987960755825,4892
1135,-10.450000000000001,0,0.22,0.5668605651673355,160,0.7205959553844877,4892
1136,-10.25,0,0.21,0.5665771348847519,160,0.7394437109790744,4892
1137,-10.75,0,0.21,0.5662938463173096,160,0.6290813698903658,4892
1138,118.69,1,0.22,0.5660106993941509,48,19.912613187351187,4892
1139,-10.3,0,0.22,0.5657276940444539,160,0.6138350952761247,4892
1140,-121.4,0,0.21,0.5654448301974317,55,13.323677140330387,4895
1141,-84.11,0,0.21,0.5651621077823331,138,0.8935225467142933,4895
1142,-129.57,0,0.21,0.564879526728442,16,8.336695628648158,4898
1143,105.77,1,0.21,0.5645970869650778,9,12.91080256294252,4898
1144,-129.45000000000002,0,0.21,0.5643147884215953,10,17.80720879161358,4898
1145,106.53,1,0.22,0.5640326310273845,11,10.24827429486354,4898
1146,-9.55,0,0.21,0.5637506147118709,160,0.9082415210847977,4898
1147,-83.89,0,0.21,0.563468739404515,7,7.158716164763484,4898
1148,-83.2,0,0.2,0.5631870050348128,55,2.938235863087868,4898
1149,109.9,1,0.2,0.5629054115322955,95,3.0676916172386295,4906
1150,109.09,1,0.21,0.5626239588265294,33,10.298381110983478,4906
1151,-10.549999999999999,0,0.21,0.5623426468471161,160,0.42921779665350906,4906
1152,-9.950000000000001,0,0.2,0.5620614755236926,160,0.7961020762460103,4906
1153,105.87,1,0.21,0.5617804447859307,9,12.751990776761536,4906
1154,-10.15,0,0.21,0.5614995545635377,160,0.7268229892402888,4906
1155,105.77,1,0.22,0.561218804786256,9,12.7821951884528,4906
1156,-10.1,0,0.21,0.5609381953838629,160,0.9726402070652693,4906
1157,-84.57,0,0.2,0.560657726286171,11,11.052426680189303,4906
1158,106.62,1,0.21,0.560377397423028,4,31.995665065646172,4906
1159,-82.89,0,0.21,0.5600972087243165,77,2.8809639241589937,4907
1160,-11.250000000000002,0,0.21,0.5598171601199543,160,0.8305139867407271,4907
1161,-82.67999999999999,0,0.21,0.5595372515398943,149,1.4169964008741143,4907
1162,-80.38000000000001,0,0.21,0.5592574829141244,19,17.757023360470406,4907
1163,-84.2,0,0.21,0.5589778541726673,5,10.661195670485498,4907
1164,-10.3,0,0.21,0.558698365245581,160,0.6888119954019783,4907
1165,-10.2,0,0.21,0.5584190160629583,160,1.220559387806803,4907
1166,-10.75,0,0.21,0.5581398065549269,160,0.7940114534704479,4907
1167,-10.35,0,0.21,0.5578607366516495,160,0.63061450562533,4907
1168,-10.3,0,0.21,0.5575818062833237,160,0.550486278742552,4907
1169,-10.05,0,0.21,0.557303015380182,160,0.9222158238741103,4908
1170,-10.350000000000001,0,0.2,0.557024363872492,160,0.9181946406787611,4909
1171,105.87,1,0.21,0.5567458516905558,9,15.742740832103623,4909
1172,112.05,1,0.22,0.5564674787647106,20,16.473641348646023,4909
1173,-128.45000000000002,0,0.22,0.5561892450253283,60,2.9743201014213265,4912
1174,-10.15,0,0.22,0.5559111504028157,160,0.6742751009985803,4912
1175,-83.58999999999999,0,0.21,0.5556331948276143,12,10.137403719173744,4912
1176,108.78999999999999,1,0.22,0.5553553782302005,23,10.385728547313938,4913
1177,105.92,1,0.23,0.5550777005410855,9,11.702697880607511,4913
1178,-84.33999999999999,0,0.23,0.554800161690815,7,21.490651082822254,4913
1179,-82.47,0,0.23,0.5545227616099696,16,22.218725666515528,4913
1180,-83.39,0,0.23,0.5542455002291646,77,1.7541734368599913,4915
1181,-82.66,0,0.23,0.55396837747905,128,1.2557047957082614,4915
1182,-10.65,0,0.23,0.5536913932903106,160,0.6371190059669317,4915
1183,105.87,1,0.24,0.5534145475936655,9,15.54953176445431,4915
1184,-10.600000000000001,0,0.24,0.5531378403198687,160,0.8575001902883522,4915
1185,-11.0,0,0.23,0.5528612713997088,160,0.7098210923075676,4915
1186,-10.25,0,0.22,0.5525848407640089,160,0.585610164988786,4915
1187,-10.4,0,0.22,0.552308548343627,160,0.7335480198450386,4915
1188,-7.949999999999999,0,0.22,0.5520323940694551,160,0.817904603373725,4918
1189,-83.79,0,0.22,0.5517563778724205,17,5.183017640862176,4918
1190,-79.85000000000001,0,0.22,0.5514804996834843,40,15.031338117796462,4920
1191,-84.51,0,0.22,0.5512047594336427,8,12.123954318240285,4920
1192,106.96,1,0.23,0.5509291570539259,12,13.663573899652498,4921
1193,-10.15,0,0.23,0.550653692475399,160,0.6888751840367914,4921
1194,108.02,1,0.24,0.5503783656291613,19,9.028093457145886,4922
1195,-84.07000000000001,0,0.24,0.5501031764463468,11,19.311334547163412,4922
1196,-10.55,0,0.24,0.5498281248581236,160,1.7219850419332028,4947
1197,-120.64000000000001,0,0.24,0.5495532107956945,42,22.81857804608842,4947
1198,-82.63000000000001,0,0.24,0.5492784341902968,74,3.9557608433548563,4950
1199,105.98,1,0.25,0.5490037949732016,11,18.485586159391836,4950
1200,-9.950000000000001,0,0.25,0.548729293075715,160,0.5849110133051872,4950
1201,-10.700000000000001,0,0.25,0.5484549284291772,160,0.8441486365640303,4950
1202,106.34,1,0.25,0.5481807009649626,8,14.360220166966318,4950
1203,-82.52000000000001,0,0.25,0.5479066106144802,26,9.06499173346692,4950
1204,110.07,1,0.26,0.547632657309173,34,17.312000809077393,4950
1205,-10.1,0,0.26,0.5473588409805185,160,0.7401574343293905,4950
1206,-10.35,0,0.26,0.5470851615600282,160,0.6289349414221943,4950
1207,-10.65,0,0.25,0.5468116189792482,160,0.6786169211789966,4950
1208,-83.12,0,0.25,0.5465382131697586,6,14.663238443781932,4950
1209,-10.35,0,0.24,0.5462649440631737,160,0.5547105840891599,4950
1210,-9.85,0,0.24,0.5459918115911422,160,0.6788491934183986,4950
1211,108.02,1,0.25,0.5457188156853466,14,14.445647040464516,4950
1212,-10.049999999999999,0,0.25,0.545445956277504,160,0.38410169979929926,4950
1213,-10.65,0,0.25,0.5451732332993653,160,0.8559992232713849,4950
1214,107.7,1,0.26,0.5449006466827157,55,3.37841527909413,4953
1215,-10.4,0,0.25,0.5446281963593743,160,0.5754843791127204,4953
1216,-84.31,0,0.25,0.5443558822611947,8,12.86386884000618,4953
1217,105.39999999999999,1,0.26,0.5440837043200641,110,1.2950559341528196,4953
1218,-11.200000000000001,0,0.26,0.5438116624679041,160,0.7119281034822924,4953
1219,-10.0,0,0.25,0.5435397566366702,160,0.5969803329422139,4953
1220,-84.94,0,0.25,0.5432679867583519,17,7.768843870430309,4953
1221,-83.5,0,0.25,0.5429963527649727,120,1.2480979147645024,4956
1222,-128.15,0,0.24,0.5427248545885902,90,4.139800263359315,4966
1223,-82.05,0,0.24,0.5424534921612959,105,1.647040047280845,4966
1224,-84.41,0,0.24,0.5421822654152153,8,16.372189914202316,4966
1225,105.62,1,0.25,0.5419111742825077,149,1.5661864874386948,4967
1226,106.42,1,0.26,0.5416402186953665,9,13.81809236260752,4967
1227,-10.4,0,0.26,0.5413693985860188,160,0.6565714160456556,4967
1228,106.2,1,0.26,0.5410987138867258,10,10.505009865611557,4967
1229,-82.78,0,0.26,0.5408281645297824,19,16.857648684574585,4967
1230,-81.81,0,0.25,0.5405577504475175,18,14.467116550276794,4967
1231,-84.29,0,0.25,0.5402874715722938,7,16.234605962506365,4967
1232,-10.700000000000001,0,0.24,0.5400173278365077,160,0.740725880164653,4967
1233,-10.75,0,0.24,0.5397473191725894,160,1.0613739953413606,4967
1234,109.86,1,0.25,0.5394774455130031,112,2.527599771168009,4970
1235,-11.05,0,0.25,0.5392077067902467,160,0.6553304188847542,4970
1236,109.33,1,0.26,0.5389381029368515,16,8.796221125912853,4970
1237,-81.98,0,0.26,0.5386686338853831,14,6.799191684554597,4971
1238,106.78,1,0.26,0.5383992995684405,11,10.711051767268641,4971
1239,-82.22999999999999,0,0.26,0.5381300999186562,34,5.076072267210932,4978
1240,-83.69,0,0.26,0.537861034868697,7,8.045630346323764,4978
1241,113.17,1,0.27,0.5375921043512626,44,20.606524033702232,4978
1242,105.84,1,0.28,0.537323308299087,53,3.3157830910272192,4978
1243,-11.1,0,0.27,0.5370546466449375,160,0.6758214110652916,4978
1244,-10.8,0,0.27,0.5367861193216151,160,0.48620421501807876,4978
1245,-129.6,0,0.26,0.5365177262619544,15,8.966583592564488,4980
1246,-10.35,0,0.26,0.5362494673988234,160,0.602775015026331,4980
1247,-7.550000000000001,0,0.26,0.535981342665124,160,0.6979374459581742,4985
1248,-84.79,0,0.26,0.5357133519937914,12,9.527407250019412,4985
1249,-11.2,0,0.25,0.5354454953177946,160,0.784834666520357,4985
1250,106.64999999999999,1,0.25,0.5351777725701358,10,13.707886045098304,4985
1251,-126.43,0,0.25,0.5349101836838507,19,28.869865913304842,4985
1252,-10.5,0,0.25,0.5346427285920088,160,0.7239624680876732,4985
1253,106.62,1,0.25,0.5343754072277128,129,1.4313884206028122,4985
1254,-83.18,0,0.25,0.534108219524099,129,1.9232946923432888,4987
1255,-10.25,0,0.24,0.533841165414337,160,1.0611373753574735,4988
1256,-71.76,0,0.24,0.5335742448316299,148,2.9321522476975304,4994
1257,-10.5,0,0.24,0.5333074577092141,160,1.0031692361738533,4994
1258,-83.71000000000001,0,0.23,0.5330408039803595,13,20.39694185304527,4994
1259,-8.6,0,0.23,0.5327742835783693,160,0.6245501122949645,4997
1260,107.48,1,0.24,0.5325078964365801,16,22.80888982944074,4997
1261,-82.44,0,0.24,0.5322416424883619,12,8.37822252512211,4997
1262,-11.200000000000001,0,0.24,0.5319755216671178,160,0.5837690362930297,4997
1263,107.14999999999999,1,0.25,0.5317095339062843,15,17.62702817583084,4997
1264,-10.55,0,0.25,0.5314436791393312,160,0.5040956157352776,4997
1265,-122.60000000000001,0,0.25,0.5311779572997616,30,6.520312247917985,4998
1266,-84.50999999999999,0,0.25,0.5309123683211118,8,14.418765182516072,4998
1267,-82.5,0,0.25,0.5306469121369513,50,2.9646376447696237,5000
1268,-10.85,0,0.25,0.5303815886808828,160,0.7450182540640234,5000
1269,106.62,1,0.26,0.5301163978865424,4,25.854795932769775,5000
1270,-130.05,0,0.26,0.5298513396875991,30,5.3682318147501595,5002
1271,-10.15,0,0.25,0.5295864140177553,160,0.8456730829030276,5002
1272,-84.85000000000001,0,0.24,0.5293216208107464,130,1.4361690858502945,5002
1273,-83.64,0,0.24,0.5290569600003411,12,8.590653298557736,5002
1274,107.42,1,0.25,0.5287924315203409,14,16.165423429438047,5002
1275,106.64999999999999,1,0.26,0.5285280353045808,10,12.708224735075607,5002
1276,106.28,1,0.26,0.5282637712869286,11,11.81133593198928,5002
1277,-83.7,0,0.25,0.5279996394012851,105,2.5908033930515604,5006
1278,-81.92999999999999,0,0.25,0.5277356395815845,84,1.267293980519254,5019
1279,107.05,1,0.26,0.5274717717617938,15,17.039812230858953,5019
1280,-83.44,0,0.26,0.5272080358759129,97,1.6539947574172342,5020
1281,105.87,1,0.27,0.526944431857975,9,12.781547780632971,5020
1282,106.89999999999999,1,0.28,0.5266809596420461,75,1.7951786962881686,5020
1283,106.27,1,0.28,0.5264176191622251,9,15.832552759912279,5020
1284,-83.33999999999999,0,0.28,0.526154410352644,12,9.500774054418628,5020
1285,-10.549999999999999,0,0.28,0.5258913331474677,160,1.0231333600438484,5020
1286,-82.8,0,0.28,0.525628387480894,115,1.5306535680042985,5023
1287,109.38,1,0.29,0.5253655732871536,56,3.334206448224639,5028
1288,106.45,1,0.3,0.5251028905005101,10,13.483959459230302,5028
1289,107.47,1,0.31,0.5248403390552598,14,10.193060335404507,5028
1290,-84.17,0,0.31,0.5245779188857322,11,11.45751514207233,5029
1291,-8.750000000000002,0,0.31,0.5243156299262894,160,0.732776050027489,5043
1292,-84.57000000000001,0,0.3,0.5240534721113264,11,7.8998919428893455,5043
1293,-10.25,0,0.3,0.5237914453752707,160,0.8836473904801533,5043
1294,-10.4,0,0.29,0.523529549652583,160,0.6892070847272408,5043
1295,107.7,1,0.3,0.5232677848777567,15,18.26602658821456,5043
1296,-79.00999999999999,0,0.3,0.5230061509853179,53,8.578217673717717,5052
1297,-84.17,0,0.3,0.5227446479098252,16,10.926628331746324,5052
1298,-82.92,0,0.3,0.5224832755858704,96,2.0143930308431544,5056
1299,-10.75,0,0.29,0.5222220339480774,160,0.5486635811179876,5056
1300,-83.86,0,0.29,0.5219609229311034,8,15.71567763477564,5056
1301,-9.9,0,0.29,0.5216999424696379,160,0.7619500887710602,5056
1302,-9.95,0,0.28,0.5214390924984031,160,0.800773077079095,5056
1303,110.75,1,0.29,0.521178372952154,30,6.984838779125518,5058
1304,-84.55000000000001,0,0.28,0.5209177837656779,10,9.239135362052359,5059
1305,-10.35,0,0.28,0.520657324873795,160,0.7627788831442596,5059
1306,-84.39,0,0.28,0.5203969962113582,7,24.937760914364564,5059
1307,-10.3,0,0.28,0.5201367977132525,160,0.5512179176509381,5059
1308,108.65,1,0.29,0.5198767293143959,30,20.771045175721248,5059
1309,-84.46000000000001,0,0.29,0.5196167909497387,128,1.0703533975873143,5060
1310,107.13,1,0.3,0.5193569825542639,11,14.238355119209736,5060
1311,-10.100000000000001,0,0.29,0.5190973040629868,160,0.7981971259042622,5060
1312,-10.299999999999999,0,0.29,0.5188377554109553,160,0.602885793924681,5060
1313,-10.649999999999999,0,0.29,0.5185783365332499,160,0.510827987857163,5060
1314,-10.4,0,0.28,0.5183190473649834,160,0.6099159903842957,5060
1315,-10.4,0,0.28,0.5180598878413009,160,0.6407218213393353,5060
1316,106.35,1,0.29,0.5178008578973803,10,14.148592772006989,5060
1317,-10.200000000000001,0,0.28,0.5175419574684316,160,0.8273941552019678,5060
1318,-83.78999999999999,0,0.28,0.5172831864896974,107,1.417806952146587,5060
1319,-10.049999999999999,0,0.28,0.5170245448964526,160,0.7401651210642887,5060
1320,-82.57000000000001,0,0.28,0.5167660326240043,16,22.88299079014687,5060
1321,-10.200000000000001,0,0.28,0.5165076496076924,160,0.740858037944883,5060
1322,108.08,1,0.29,0.5162493957828885,21,18.778594645261766,5060
1323,-10.700000000000001,0,0.29,0.5159912710849971,160,0.5936078079715371,5060
1324,106.13,1,0.3,0.5157332754494546,11,9.67225601411086,5060
1325,-10.35,0,0.29,0.5154754088117299,160,0.7737406956665218,5060
1326,106.61,1,0.29,0.5152176711073241,12,17.65833097072939,5060
1327,-10.149999999999999,0,0.29,0.5149600622717705,160,0.5933200998213142,5060
1328,-8.9,0,0.28,0.5147025822406346,160,0.9227537896387658,5068
1329,-9.950000000000001,0,0.28,0.5144452309495143,160,0.6699215737432241,5068
1330,-10.100000000000001,0,0.28,0.5141880083340395,160,0.6561615539630875,5068
1331,110.95,1,0.29,0.5139309143298726,135,2.663806408073374,5084
1332,110.82,1,0.3,0.5136739488727077,34,21.482427218977143,5084
1333,-127.36999999999999,0,0.3,0.5134171118982713,96,2.0328558419353793,5086
1334,-82.46,0,0.29,0.5131604033423223,118,1.5332900158165939,5088
1335,-83.69,0,0.29,0.5129038231406511,47,2.7164061484925766,5088
1336,-126.72,0,0.28,0.5126473712290808,101,1.9831957894163483,5093
1337,-81.86000000000001,0,0.28,0.5123910475434663,153,1.0820601456913175,5122
1338,-83.11,0,0.27,0.5121348520196947,13,23.936459351846807,5122
1339,-83.91,0,0.27,0.5118787845936849,8,16.735628128293904,5122
1340,107.78999999999999,1,0.28,0.511622845201388,13,12.098757216013395,5122
1341,110.85,1,0.28,0.5113670337787873,20,20.223799071468413,5122
1342,-10.350000000000001,0,0.27,0.511111350261898,160,0.8768234307654202,5122
1343,-10.15,0,0.27,0.5108557945867671,160,0.5145808365121484,5122
1344,-10.700000000000001,0,0.27,0.5106003666894737,160,0.5931344502780121,5122
1345,-128.91,0,0.27,0.510345066506129,83,1.9064180789151823,5125
1346,-10.350000000000001,0,0.27,0.510089893972876,160,0.5485650214701894,5125
1347,109.45,1,0.28,0.5098348490258896,20,20.929468856692317,5125
1348,106.2,1,0.29,0.5095799316013767,10,14.124054877648362,5125
1349,-10.05,0,0.29,0.5093251416355761,160,0.6883860595981678,5125
1350,-11.250000000000002,0,0.28,0.5090704790647583,160,0.6956690720915795,5125
1351,-84.19,0,0.28,0.508815943825226,12,14.411129744121185,5125
1352,106.53,1,0.29,0.5085615358533134,16,7.264219036609283,5125
1353,-9.950000000000001,0,0.28,0.5083072550853868,160,0.6030850966870785,5125
1354,-10.55,0,0.28,0.5080531014578441,160,0.6403865624815226,5125
1355,108.64,1,0.29,0.5077990749071152,23,15.33971704437195,5125
1356,-10.2,0,0.29,0.5075451753696616,160,0.6597292869291269,5126
1357,106.13,1,0.3,0.5072914027819768,11,13.37129867687144,5126
1358,-10.2,0,0.3,0.5070377570805858,160,0.9312091730404646,5126
1359,106.62,1,0.31,0.5067842382020455,4,26.76608891963959,5126
1360,108.39,1,0.31,0.5065308460829445,143,2.16358825273014,5127
1361,-10.35,0,0.31,0.506277580659903,160,0.944655118636787,5127
1362,-11.0,0,0.31,0.5060244418695731,160,0.3839834306836127,5127
1363,109.74,1,0.31,0.5057714296486383,133,1.78603856898081,5130
1364,-10.350000000000001,0,0.31,0.505518543933814,160,0.980393349190592,5130
1365,-84.82000000000001,0,0.31,0.5052657846618471,11,17.09666122065349,5130
1366,-10.5,0,0.31,0.5050131517695162,160,0.4681330665126443,5130
1367,-82.83,0,0.31,0.5047606451936315,14,12.194640044093061,5130
1368,-10.55,0,0.31,0.5045082648710347,160,0.7035366018489003,5130
1369,108.92999999999999,1,0.31,0.5042560107385993,16,11.03886149951024,5130
1370,-10.299999999999999,0,0.31,0.50400388273323,160,0.6994013079129509,5130
1371,107.19,1,0.32,0.5037518807918635,13,10.611832144168709,5130
1372,-84.24,0,0.32,0.5035000048514676,7,30.711105230631574,5130
1373,-83.14,0,0.32,0.5032482548490419,47,4.4466713041939,5131
1374,-83.76,0,0.31,0.5029966307216174,13,16.43520673897404,5131
1375,-9.25,0,0.3,0.5027451324062566,160,0.42543947419538747,5140
1376,108.99,1,0.3,0.5024937598400535,28,20.829539234219453,5140
1377,105.82,1,0.31,0.5022425129601336,9,17.674642645253076,5140
1378,-10.5,0,0.31,0.5019913917036535,160,0.5351432946766727,5140
1379,110.38,1,0.31,0.5017403960078016,61,3.8033689953127996,5143
1380,105.37,1,0.32,0.5014895258097978,139,1.2107221216092008,5143
1381,107.42,1,0.32,0.5012387810468929,14,16.14952161823,5143
1382,-83.33999999999999,0,0.31,0.5009881616563695,147,1.4032285499975374,5143
1383,-83.38,0,0.3,0.5007376675755414,79,1.5513091994267947,5145
1384,108.12,1,0.31,0.5004872987417537,14,16.560355640649796,5145
1385,-10.4,0,0.31,0.5002370550923828,160,0.5132306392341852,5145
1386,106.44,1,0.32,0.49998693656483667,13,18.541597852981337,5145
1387,106.52,1,0.32,0.49973694309655425,4,27.087323853969572,5145
1388,-10.2,0,0.31,0.499487074625006,160,0.6695175798460842,5145
1389,-82.8,0,0.3,0.4992373310876935,15,7.2458448742851616,5145
1390,107.02,1,0.31,0.49898771242214973,14,21.808927819562545,5145
1391,-10.35,0,0.31,0.4987382185659387,160,0.48269283089041715,5145
1392,-80.91000000000001,0,0.31,0.4984888494566558,153,1.3484406376422804,5149
1393,-10.6,0,0.31,0.4982396050319275,160,0.625254455074668,5149
1394,-7.75,0,0.31,0.49799048522941153,160,2.666604469463113,5150
1395,-10.200000000000001,0,0.3,0.49774148998679685,160,0.3323544422388078,5150
1396,106.3,1,0.31,0.4974926192418035,10,11.034243919610978,5150
1397,-83.74000000000001,0,0.31,0.49724387293218264,12,17.414186444381873,5150
1398,108.19,1,0.32,0.49699525099571656,13,15.51083710065255,5150
1399,-82.77,0,0.32,0.49674675337021873,11,16.656009668992322,5150
1400,108.38,1,0.33,0.49649837999353363,26,26.19017576589321,5150
1401,108.5,1,0.34,0.4962501308035369,15,15.434484123667081,5150
1402,-126.24000000000001,0,0.34,0.4960020057381352,72,2.668608124288601,5154
1403,-10.5,0,0.33,0.49575400473526615,160,0.5116768828509376,5154
1404,105.91,1,0.34,0.49550612773289854,7,15.546972888452665,5154
1405,-128.08,0,0.34,0.4952583746690321,84,2.1321057330661763,5163
1406,-84.13,0,0.34,0.4950107454816976,44,2.3859794558440757,5163
1407,-10.8,0,0.34,0.4947632401089568,160,0.4545527847111225,5166
1408,106.7,1,0.34,0.49451585848890234,35,3.9033510492720773,5166
1409,105.99,1,0.35,0.49426860055965793,8,17.657334183230997,5166
1410,105.41,1,0.35,0.49402146625937815,147,1.1529026072439388,5166
1411,106.62,1,0.36,0.4937744555262485,4,26.361018142700196,5166
1412,-10.4,0,0.36,0.4935275682984854,160,0.8723030406684994,5168
1413,-84.44,0,0.36,0.49328080451433615,152,0.8319790708175615,5169
1414,-83.8,0,0.36,0.493034164112079,160,0.8758880769163371,5169
1415,-10.2,0,0.36,0.492787647030023,160,1.0184007418444672,5169
1416,-9.600000000000001,0,0.35,0.492541253206508,160,0.6494145015408286,5169
1417,-84.19,0,0.35,0.4922949825799048,12,14.845542851053178,5170
1418,-10.85,0,0.35,0.49204883508861486,160,0.4093344729393721,5170
1419,-10.15,0,0.35,0.49180281067107057,160,0.4741343096494676,5170
1420,-84.02,0,0.35,0.49155690926573503,16,12.63585591446259,5170
1421,-83.21000000000001,0,0.35,0.49131113081110217,43,2.931338810951579,5175
1422,-10.3,0,0.34,0.49106547524569666,160,0.621504958603531,5175
1423,107.61,1,0.35,0.4908199425080738,12,15.019592608809472,5175
1424,-10.399999999999999,0,0.34,0.4905745325368198,160,0.49940925212204457,5175
1425,-9.649999999999999,0,0.34,0.49032924527055144,160,0.597699240837479,5175
1426,-10.55,0,0.33,0.4900840806479162,160,0.8251258788043633,5175
1427,-10.7,0,0.33,0.48983903860759226,160,0.37853935996117066,5175
1428,-83.36,0,0.33,0.4895941190882885,33,2.971631097732479,5177
1429,-84.36,0,0.33,0.48934932202874437,8,16.1094086304307,5177
1430,-83.22,0,0.33,0.48910464736773,16,28.21075366295874,5177
1431,-84.41,0,0.32,0.4888600950440462,8,14.9817470946908,5177
1432,-82.60000000000001,0,0.31,0.4886156649965242,135,1.2178114433632128,5177
1433,-10.95,0,0.31,0.48837135716402597,160,0.6210953665385023,5177
1434,106.25,1,0.32,0.488127171485444,10,12.867424832344055,5177
1435,106.52,1,0.33,0.4878831078997013,4,29.68284870147705,5177
1436,-83.22,0,0.33,0.4876391663457515,21,13.67883575173361,5178
1437,-84.22,0,0.33,0.4873953467625787,6,13.373278508832058,5178
1438,107.52,1,0.34,0.4871516490891974,14,16.63718154409102,5178
1439,108.92999999999999,1,0.35,0.4869080732646528,16,16.458296236750904,5178
1440,-10.6,0,0.34,0.4866646192280205,160,0.6300623715529219,5179
1441,-81.3,0,0.33,0.4864212869184065,115,1.2468483522375844,5213
1442,-80.47,0,0.33,0.48617807627494736,11,16.95479367832415,5213
1443,106.6,1,0.34,0.4859349872368099,145,1.0869831760422937,5213
1444,-83.95,0,0.34,0.48569201974319154,100,2.112584023363702,5213
1445,-83.61,0,0.34,0.48544917373331997,18,28.131810138755373,5213
1446,-10.399999999999999,0,0.34,0.48520644914645333,160,0.7172304510772228,5213
1447,106.82,1,0.34,0.48496384592188013,124,1.7179388461909406,5213
1448,-82.41,0,0.33,0.48472136399891924,148,1.203341956190463,5224
1449,-81.66,0,0.33,0.4844790033169198,98,1.5415918571133242,5224
1450,108.06,1,0.34,0.4842367638152614,17,20.741536001528008,5224
1451,-10.05,0,0.34,0.48399464543335374,160,0.34718815737962727,5224
1452,107.14999999999999,1,0.34,0.4837526481106371,15,16.77235943134626,5224
1453,-10.3,0,0.34,0.4835107717865818,160,0.8043836524761282,5224
1454,-84.2,0,0.34,0.48326901640068853,5,9.43350766992569,5224
1455,-129.34,0,0.33,0.48302738189248823,27,20.256144129667017,5227
1456,-83.55,0,0.33,0.482785868201542,95,1.4163766571662182,5227
1457,-84.24,0,0.32,0.48254447526744126,7,10.958654193878173,5227
1458,-10.450000000000001,0,0.32,0.48230320302980756,160,0.33102903683483614,5227
1459,-10.15,0,0.31,0.48206205142829267,160,0.486795714892447,5227
1460,-84.41,0,0.3,0.48182102040257857,8,11.348350345366635,5229
1461,-83.88000000000001,0,0.3,0.4815801098923773,24,5.3236485337850175,5232
1462,106.26,1,0.31,0.48133931983743117,7,15.493811565595013,5232
1463,105.82,1,0.31,0.48109865017751247,9,21.48548759566413,5232
1464,109.09,1,0.32,0.48085810085242375,113,2.8639021748594478,5237
1465,-127.49000000000001,0,0.32,0.48061767180199755,22,13.187671751894735,5238
1466,-10.200000000000001,0,0.32,0.48037736296609657,160,0.444956015765667,5238
1467,-9.75,0,0.32,0.48013717428461355,160,0.45206009137048386,5238
1468,-84.42999999999999,0,0.32,0.4798971056974713,9,11.006605367047918,5238
1469,-81.13,0,0.31,0.4796571571446226,99,2.073917961619757,5242
1470,106.87,1,0.32,0.4794173285660503,4,30.529681200683118,5242
1471,-84.57,0,0.31,0.47917761990176727,121,1.3055623987893197,5242
1472,105.92,1,0.32,0.47893803109181643,9,11.710924358016086,5242
1473,106.83,1,0.33,0.47869856207627054,11,9.865076986659655,5242
1474,-9.9,0,0.33,0.47845921279523246,160,0.5676282634660601,5242
1475,-10.8,0,0.33,0.47821998318883485,160,0.5151640714108944,5242
1476,-10.350000000000001,0,0.32,0.4779808731972405,160,0.6747436070898547,5242
1477,-10.35,0,0.31,0.4777418827606419,160,0.3675426012575625,5242
1478,-83.61,0,0.31,0.4775030118192616,13,28.32696022163862,5242
1479,-6.8999999999999995,0,0.3,0.47726426031335195,160,1.0289096977062144,5245
1480,-84.46,0,0.29,0.4770256281831953,8,14.836816351786256,5245
1481,107.16,1,0.29,0.47678711536910373,12,14.976268435676273,5245
1482,105.72,1,0.3,0.4765487218114192,9,16.203381555875144,5245
1483,111.72,1,0.31,0.47631044745051354,39,27.210168192582923,5245
1484,-10.25,0,0.3,0.4760722922267883,160,0.49737776843458414,5245
1485,-10.05,0,0.3,0.475834256080675,160,0.5966538742408156,5245
1486,-129.34,0,0.29,0.47559633895263465,72,4.288675299168875,5247
1487,112.03,1,0.29,0.47535854078315837,116,4.082338498993938,5249
1488,107.63,1,0.3,0.47512086151276683,16,10.761038556825369,5249
1489,109.03,1,0.31,0.4748833010820105,21,16.877234006215417,5249
1490,106.56,1,0.31,0.47464585943146953,12,11.534599133084217,5249
1491,-10.35,0,0.31,0.4744085365017538,160,0.5864811117909849,5249
1492,-11.1,0,0.31,0.47417133223350294,160,0.47787135781347756,5249
1493,111.26,1,0.32,0.4739342465673862,17,14.071666660317604,5251
1494,-11.0,0,0.32,0.4736972794441025,160,0.42073823824524875,5251
1495,-83.03,0,0.32,0.4734604308043805,64,2.1741235333139453,5251
1496,106.21,1,0.32,0.47322370058897834,62,1.807924163899114,5251
1497,-10.55,0,0.32,0.4729870887386839,160,0.388321409702301,5251
1498,110.63,1,0.32,0.47275059519431456,151,1.3947623520260923,5254
1499,-127.52000000000001,0,0.32,0.47251421989671744,16,12.985429052551044,5254
1500,107.16,1,0.32,0.4722779627867691,12,15.581898425836116,5254
1501,106.62,1,0.32,0.47204182380537574,4,23.095503249168395,5254
1502,-81.38000000000001,0,0.32,0.47180580289347307,19,12.609237279619679,5254
1503,-9.950000000000001,0,0.32,0.47156989999202636,160,0.4925816054493188,5254
1504,-128.66,0,0.31,0.4713341150420304,103,1.8918532529805596,5255
1505,-78.97,0,0.31,0.4710984479845094,56,2.1156878047771692,5256
1506,-10.0,0,0.31,0.4708628987605172,160,0.5360868507100386,5257
1507,-82.83,0,0.31,0.47062746731113697,14,22.955818321936032,5257
1508,106.61999999999999,1,0.31,0.47039215357748143,4,27.97815135002136,5257
1509,106.62,1,0.31,0.4701569575006927,4,21.286108288764954,5257
1510,106.86,1,0.31,0.4699218790219424,12,22.035235301970193,5257
1511,-84.33999999999999,0,0.3,0.46968691808243146,7,14.477919769457408,5257
1512,106.03,1,0.31,0.4694520746233903,11,10.546050795603714,5257
1513,106.62,1,0.32,0.4692173485860786,4,20.584577403068543,5257
1514,-82.75,0,0.32,0.4689827399117856,95,2.3083528217313516,5258
1515,105.84,1,0.33,0.4687482485418297,13,11.784750372854132,5258
1516,106.67,1,0.34,0.4685138744175588,39,3.5017039552789466,5259
1517,107.87,1,0.35,0.4682796174803501,14,15.64630756757089,5259
1518,107.36,1,0.36,0.4680454776716099,127,1.194581464030963,5259
1519,-81.67,0,0.36,0.46781145493277415,101,1.2505309936513036,5262
1520,-9.8,0,0.36,0.4675775492053078,160,0.41878063845634456,5262
1521,-81.89,0,0.36,0.4673437604307052,142,1.0414765966408164,5262
1522,-84.26,0,0.36,0.46711008855048985,108,1.3076152101490233,5263
1523,110.05,1,0.36,0.4668765335062146,100,2.119189645075053,5265
1524,107.07,1,0.37,0.4666430952394615,14,10.223076623726104,5266
1525,-84.62,0,0.37,0.46640977369184183,11,9.048288371222602,5266
1526,106.05,1,0.38,0.4661765688049959,145,1.2336520548688954,5266
1527,-10.75,0,0.38,0.4659434805205934,160,0.6321677048233104,5266
1528,-9.950000000000001,0,0.38,0.46571050878033315,160,0.7602570054804672,5266
1529,-10.5,0,0.38,0.465477653525943,160,0.8674813227932899,5266
1530,106.76,1,0.39,0.46524491469918006,142,1.8485276343762664,5270
1531,107.11,1,0.4,0.4650122922418305,12,14.628524420346753,5270
1532,-81.63,0,0.4,0.4647797860957096,144,1.0568535695866577,5273
1533,105.16000000000001,1,0.41,0.4645473962026618,132,1.1931728925831813,5274
1534,-84.33,0,0.4,0.4643151225045605,9,10.774674147777258,5274
1535,-59.0,0,0.39,0.4640829649433082,155,0.811816051587943,5274
1536,-10.450000000000001,0,0.39,0.46385092346083656,160,0.7499737177605565,5274
1537,-10.55,0,0.39,0.46361899799910616,160,0.5136769508793949,5274
1538,-84.52000000000001,0,0.38,0.46338718850010663,11,7.186446916215461,5274
1539,106.2,1,0.38,0.4631554949058566,105,1.723893453836441,5274
1540,-10.5,0,0.38,0.4629239171584037,160,0.4696372559899463,5274
1541,-127.43,0,0.38,0.46269245519982455,109,2.03591169370035,5276
1542,106.62,1,0.39,0.46246110897222464,4,19.932872104644776,5276
1543,106.48,1,0.39,0.46222987841773855,11,19.84862115480683,5276
1544,106.62,1,0.4,0.4619987634785297,4,24.31866525888443,5276
1545,106.57000000000001,1,0.41,0.46176776409679043,4,28.150091607570648,5276
1546,-82.86,0,0.41,0.46153688021474204,13,7.117344019870059,5278
1547,113.38,1,0.41,0.4613061117746347,46,13.14769524560239,5278
1548,-78.5,0,0.41,0.46107545871874744,50,19.66639184282385,5282
1549,-8.200000000000001,0,0.41,0.4608449209893881,160,0.6194428678102122,5298
1550,-81.84,0,0.4,0.46061449852889347,87,1.3338390223881036,5298
1551,-80.33000000000001,0,0.4,0.46038419127962904,149,1.2661506454776597,5300
1552,-81.49000000000001,0,0.39,0.46015399918398925,12,14.148441860245462,5302
1553,-83.64,0,0.39,0.45992392218439726,112,1.6908486701428356,5302
1554,112.21,1,0.4,0.4596939602233051,47,21.461959723621764,5302
1555,-9.899999999999999,0,0.4,0.4594641132431935,160,0.32810788884758935,5302
1556,106.62,1,0.41,0.4592343811865719,4,36.517730659246446,5302
1557,106.25,1,0.42,0.4590047639959786,10,11.73079659792781,5302
1558,-10.45,0,0.42,0.45877526161398063,160,0.5070515401065349,5302
1559,109.75,1,0.43,0.45854587398317365,100,2.0400226977760902,5307
1560,105.82,1,0.44,0.4583166010461821,9,13.996487527555889,5307
1561,-10.3,0,0.44,0.45808744274565905,160,0.49808615697501213,5307
1562,105.77,1,0.44,0.45785839902428627,9,22.139536913765802,5307
1563,106.52,1,0.44,0.45762946982477415,4,25.62836703777313,5307
1564,-10.0,0,0.43,0.4574006550898618,160,0.5700636628593783,5307
1565,-80.07000000000001,0,0.43,0.45717195476231687,21,9.991510181086404,5308
1566,-9.15,0,0.43,0.45694336878493574,160,0.3976125361025332,5308
1567,107.63,1,0.44,0.4567148971005433,86,2.2412317241481396,5309
1568,-10.05,0,0.44,0.45648653965199304,160,0.44771491742134084,5309
1569,-10.5,0,0.44,0.4562582963821671,160,0.5009918972935992,5309
1570,109.32,1,0.44,0.45603016723397605,139,2.3352488351153484,5312
1571,-83.84,0,0.44,0.4558021521503591,7,19.734233820864134,5312
1572,-10.600000000000001,0,0.43,0.4555742510742839,160,0.6863686065425572,5312
1573,106.52,1,0.43,0.4553464639487468,4,21.291009788513183,5312
1574,107.57,1,0.44,0.4551187907167724,19,22.077220125457174,5312
1575,-9.9,0,0.44,0.45489123132141407,160,0.4254325645864009,5312
1576,-82.69,0,0.44,0.4546637857057534,7,17.27439239198608,5312
1577,106.69,1,0.45,0.45443645381290054,13,19.03227800257504,5312
1578,-83.71,0,0.45,0.45420923558599413,73,1.55432015043964,5312
1579,-9.95,0,0.45,0.45398213096820117,160,0.478255685340613,5312
1580,-83.60000000000001,0,0.45,0.4537551399027171,105,1.74994316023872,5312
1581,106.58,1,0.45,0.4535282623327658,11,14.896781435538168,5312
1582,-83.22999999999999,0,0.44,0.45330149820159943,94,1.4635052198872087,5314
1583,106.32,1,0.44,0.45307484745249865,9,14.125337857405343,5314
1584,108.48,1,0.45,0.4528483100287724,121,2.0030575313486834,5319
1585,106.87,1,0.46,0.45262188587375807,4,26.665365746021273,5319
1586,109.52,1,0.47,0.4523955749308212,29,17.587353161496978,5319
1587,108.56,1,0.47,0.4521693771433558,142,1.2294303888093736,5321
1588,-9.5,0,0.46,0.45194329245478415,160,0.6831440855008549,5321
1589,-10.399999999999999,0,0.45,0.4517173208085568,160,0.43090451315045347,5321
1590,106.37,1,0.45,0.45149146214815256,9,13.757636301517486,5321
1591,-10.35,0,0.45,0.4512657164170785,160,0.582822879321873,5321
1592,108.08,1,0.46,0.45104008355887,86,2.6907012039491756,5321
1593,-79.87,0,0.45,0.4508145635170906,111,1.059742815503431,5321
1594,-10.6,0,0.45,0.4505891562353321,160,0.5965548606626688,5321
1595,-10.0,0,0.45,0.4503638616572144,160,0.4497532961778341,5321
1596,-84.62,0,0.44,0.4501386797263858,11,12.942626704763283,5321
1597,-84.72,0,0.44,0.44991361038652267,96,1.3514141413299754,5324
1598,108.19999999999999,1,0.44,0.4496886535813294,20,10.465810267556458,5327
1599,110.2,1,0.45,0.44946380925453877,30,11.043298031715056,5329
1600,108.35,1,0.45,0.44923907734991153,25,15.681071794745327,5329
1601,-83.89,0,0.44,0.4490144578112366,127,1.3366182328416694,5331
1602,-9.75,0,0.44,0.448789950582331,160,0.8887131195189432,5331
1603,109.71,1,0.45,0.44856555560703987,27,24.55870709977768,5331
1604,111.66,1,0.46,0.44834127282923636,22,20.908687201315452,5331
1605,105.92,1,0.47,0.44811710219282175,9,11.820054980773065,5331
1606,-10.3,0,0.47,0.4478930436417254,160,0.3255708840489386,5331
1607,-9.55,0,0.47,0.44766909711990455,160,0.5945099138468503,5331
1608,109.67,1,0.47,0.4474452625713446,34,19.116152332193384,5331
1609,-10.5,0,0.46,0.4472215399400589,160,0.3972879989109932,5331
1610,-84.23,0,0.45,0.4469979291700889,154,1.4367909192862351,5332
1611,108.62,1,0.46,0.4467744302055039,119,1.3359837999152597,5335
1612,-83.94,0,0.45,0.44655104299040116,62,1.9440931911852901,5335
1613,111.03999999999999,1,0.45,0.44632776746890596,18,15.124333545274824,5335
1614,107.87,1,0.46,0.4461046035851715,4,27.02738179922104,5335
1615,106.61999999999999,1,0.46,0.445881551283379,4,23.979954457283018,5335
1616,-129.6,0,0.45,0.4456586105077373,140,1.5320653018478934,5338
1617,-83.91,0,0.44,0.44543578120248345,8,21.734727813601495,5338
1618,112.06,1,0.44,0.4452130633118822,27,27.776407321117542,5338
1619,-10.399999999999999,0,0.44,0.4449904567802263,160,0.7251399300806224,5338
1620,110.01,1,0.45,0.44476796155183623,107,2.542490664783378,5342
1621,108.21,1,0.46,0.44454557757106034,12,14.149856744740779,5342
1622,105.87,1,0.47,0.44432330478227483,9,16.745929983316195,5342
1623,-83.25,0,0.46,0.4441011431298837,70,1.7759653994973215,5344
1624,-9.55,0,0.45,0.44387909255831876,160,0.7296919262856244,5344
1625,-9.85,0,0.45,0.4436571530120396,160,0.47110495948512093,5344
1626,106.62,1,0.45,0.44343532443553363,4,29.38436511039734,5344
1627,-10.5,0,0.45,0.4432136067733159,160,0.5932224977351724,5344
1628,106.87,1,0.46,0.4429919999699293,4,25.909312853813173,5344
1629,108.01,1,0.47,0.44277050396994433,117,2.2636231767954147,5351
1630,-78.78999999999999,0,0.46,0.4425491187179594,7,20.010920444045748,5351
1631,-10.25,0,0.45,0.44232784415860044,160,0.4473880515471099,5351
1632,-84.06,0,0.45,0.44210668023652117,88,1.5001910937048324,5351
1633,-84.13,0,0.44,0.4418856268964029,39,2.459702448842044,5355
1634,-84.92,0,0.44,0.44166468408295473,146,1.0643944828395973,5355
1635,-81.04,0,0.44,0.4414438517409133,27,19.545053947217486,5355
1636,-83.79,0,0.44,0.44122312981504286,7,10.237082804739476,5355
1637,-10.2,0,0.44,0.44100251825013537,160,0.4025259498152881,5355
1638,-10.65,0,0.44,0.44078201699101033,160,0.34957690608501424,5355
1639,106.27,1,0.44,0.44056162598251486,9,19.98620420244005,5355
1640,111.99,1,0.45,0.4403413451695236,23,14.73644028937039,5355
1641,-9.75,0,0.45,0.4401211744969389,160,0.325572762697935,5355
1642,108.24,1,0.45,0.43990111390969044,23,22.113775228223076,5355
1643,-10.5,0,0.44,0.4396811633527356,160,0.7806671952642499,5355
1644,-10.05,0,0.43,0.43946132277105926,160,0.40209355056285845,5355
1645,106.61999999999999,1,0.43,0.43924159210967373,4,23.003941965103145,5355
1646,-83.43,0,0.43,0.4390219713136189,69,2.36459387216879,5355
1647,106.57000000000001,1,0.43,0.4388024603279621,4,26.07165325641632,5355
1648,110.58,1,0.44,0.43858305909779816,96,1.7122567115927327,5356
1649,106.52,1,0.45,0.4383637675682493,4,18.929181370735165,5356
1650,-10.100000000000001,0,0.45,0.4381445856844652,160,0.5401647974759106,5356
1651,-9.85,0,0.45,0.437925513391623,160,0.4013211235404013,5356
1652,106.35,1,0.46,0.4377065506349272,10,11.70076119761169,5356
1653,-9.450000000000001,0,0.46,0.43748769735960974,160,0.4481963634118436,5356
1654,-84.24,0,0.45,0.43726895351093,7,15.887015878813607,5356
1655,106.62,1,0.46,0.4370503190341745,4,29.478955399394035,5356
1656,107.14,1,0.46,0.4368317938746575,13,15.701364107361206,5356
1657,-83.3,0,0.45,0.43661337797772015,110,1.3234413640654898,5356
1658,-11.3,0,0.45,0.43639507128873134,160,0.45935117831826205,5356
1659,-10.450000000000001,0,0.44,0.436176873753087,160,0.35301873722672444,5356
1660,108.65,1,0.44,0.43595878531621046,20,22.634651467844844,5356
1661,106.03,1,0.45,0.43574080592355235,11,10.950208071891895,5356
1662,105.87,1,0.45,0.4355229355205906,9,12.146868457442357,5356
1663,-10.399999999999999,0,0.44,0.43530517405283037,160,0.6397178379297256,5356
1664,-82.66,0,0.44,0.435087521465804,148,0.8764290779882512,5377
1665,107.61999999999999,1,0.45,0.43486997770507113,4,22.630696964263915,5377
1666,-10.850000000000001,0,0.45,0.4346525427162186,160,0.6140321817569201,5378
1667,-9.8,0,0.44,0.43443521644486055,160,0.4762606404047582,5378
1668,107.52,1,0.45,0.43421799883663814,9,17.500323861009544,5378
1669,-10.5,0,0.45,0.43400088983721985,160,0.5694844072237609,5378
1670,-10.55,0,0.44,0.4337838893923013,160,0.32776603439450247,5378
1671,107.03999999999999,1,0.45,0.43356699744760513,103,1.7720392971435217,5378
1672,-82.46,0,0.45,0.43335021394888135,73,2.856493035201111,5378
1673,-9.8,0,0.44,0.4331335388419069,160,0.43134173689782607,5378
1674,-10.15,0,0.43,0.432916972072486,160,0.5454290939858182,5378
1675,-84.13,0,0.43,0.43270051358644973,119,2.1652471602360346,5379
1676,108.72,1,0.44,0.43248416332965656,14,21.383223203590937,5379
1677,-84.0,0,0.43,0.43226792124799174,5,25.05779374617338,5379
1678,-10.75,0,0.43,0.43205178728736776,160,0.46247981056012194,5379
1679,-10.2,0,0.43,0.4318357613937241,160,0.7515852038115262,5379
1680,106.72,1,0.44,0.43161984351302723,114,1.551241721774925,5379
1681,-83.61,0,0.43,0.4314040335912707,58,2.5129832669989813,5379
1682,-84.41,0,0.43,0.4311883315744751,8,35.262666704803706,5379
1683,-10.1,0,0.42,0.4309727374086879,160,0.5119592627487144,5379
1684,-127.23,0,0.41,0.4307572510399836,104,2.0851423857169666,5388
1685,-11.2,0,0.4,0.4305418724144636,160,0.4545205341577529,5388
1686,107.75999999999999,1,0.4,0.4303266014782564,12,13.621184804638228,5388
1687,-78.76,0,0.39,0.4301114381775173,148,1.1827590278404405,5393
1688,106.58,1,0.4,0.42989638245842854,11,18.782365997081452,5393
1689,-82.86,0,0.4,0.42968143426719935,43,3.7802054514463035,5395
1690,-9.299999999999999,0,0.39,0.4294665935500658,160,0.6741612195415564,5395
1691,105.8,1,0.4,0.42925186025329076,65,1.9659911982723723,5395
1692,-10.65,0,0.39,0.42903723432316415,160,0.5205080654080956,5395
1693,106.72,1,0.4,0.4288227157060026,4,30.982240517139438,5395
1694,-11.100000000000001,0,0.4,0.4286083043481496,160,0.37678278100490553,5395
1695,106.26,1,0.41,0.42839400019597557,7,20.611678760562626,5395
1696,106.52,1,0.42,0.4281798031958776,4,18.40494210243225,5395
1697,-82.7,0,0.42,0.4279657132942797,160,1.465616143768304,5395
1698,-10.0,0,0.41,0.42775173043763254,160,0.49924874349031584,5395
1699,-84.33999999999999,0,0.4,0.4275378545724137,7,18.024059421505246,5395
1700,106.62,1,0.4,0.4273240856451275,4,29.604084648489952,5395
1701,106.63000000000001,1,0.41,0.427110423602305,121,1.5398254861848135,5395
1702,-125.92,0,0.41,0.4268968683905039,101,3.8172231122033695,5400
1703,108.7,1,0.41,0.42668341995630865,15,15.444055710603793,5400
1704,-59.07,0,0.4,0.42647007824633054,6,10.350196429491044,5400
1705,109.13,1,0.4,0.4262568432072074,111,1.9450804587013948,5401
1706,106.78,1,0.41,0.4260437147856038,16,13.095360069601448,5401
1707,108.85,1,0.42,0.425830692928211,20,6.539979622318409,5401
1708,109.62,1,0.42,0.42561777758174696,24,21.257887478442086,5401
1709,106.52,1,0.43,0.42540496869295613,4,18.099701995849607,5401
1710,106.55,1,0.44,0.42519226620860967,10,17.51726803007722,5401
1711,-9.149999999999999,0,0.43,0.4249796700755054,160,1.491318012982374,5402
1712,106.37,1,0.44,0.42476718024046767,9,12.447484258545767,5402
1713,-10.1,0,0.43,0.42455479665034745,160,0.5937739629149436,5402
1714,-129.39000000000001,0,0.42,0.4243425192520223,12,11.24307777363419,5403
1715,-10.75,0,0.41,0.42413034799239635,160,0.6634189646542071,5403
1716,106.36,1,0.42,0.42391828281840016,77,1.9889298222900982,5403
1717,-84.34,0,0.42,0.42370632367699096,52,2.6023130378893646,5403
1718,-10.25,0,0.41,0.4234944705151525,160,0.47259359434247006,5403
1719,-128.3,0,0.41,0.4232827232798949,30,5.414065130288092,5405
1720,107.21,1,0.41,0.423071081918255,12,15.28258069947362,5405
1721,109.67,1,0.41,0.4228595463772959,19,19.19609201414094,5405
1722,-84.32,0,0.4,0.4226481166041073,116,1.2864615168383922,5406
1723,-84.14,0,0.4,0.42243679254580524,7,12.869777066367014,5406
1724,-8.2,0,0.4,0.4222255741495324,160,0.9367333258673315,5407
1725,106.61999999999999,1,0.41,0.4220144613624576,4,22.271066608428956,5407
1726,-10.05,0,0.4,0.42180345413177645,160,0.44567189175263033,5407
1727,-10.1,0,0.4,0.4215925524047106,160,0.49597634649276723,5407
1728,106.67999999999999,1,0.4,0.42138175612850826,11,12.892192947925492,5407
1729,-83.8,0,0.39,0.421171065250444,10,9.290744159723632,5407
1730,108.05,1,0.4,0.4209604797178188,75,1.977630989794806,5409
1731,-82.64999999999999,0,0.4,0.42074999947795994,70,2.201398554593391,5410
1732,-129.25,0,0.4,0.42053962447822096,95,1.8298869366356123,5413
1733,-10.25,0,0.4,0.42032935466598187,160,0.628806981096044,5413
1734,-10.3,0,0.4,0.4201191899886489,160,0.3404630497701582,5413
1735,109.1,1,0.41,0.4199091303936546,20,22.42603359006811,5413
1736,-82.69999999999999,0,0.41,0.4196991758284578,35,3.346266476933179,5413
1737,-83.05,0,0.41,0.4194893262405436,5,20.85736505576782,5414
1738,106.61999999999999,1,0.42,0.41927958157742334,4,20.989848070144657,5414
1739,-10.4,0,0.41,0.41906994178663465,160,0.3628711126893758,5414
1740,106.62,1,0.41,0.4188604068157413,4,28.377580354213716,5414
1741,109.57,1,0.42,0.41865097661233347,9,13.520726387589756,5414
1742,-81.11999999999999,0,0.41,0.4184416511240273,96,1.5298372113785201,5415
1743,105.78,1,0.42,0.4182324302984653,131,1.5201859394106871,5415
1744,110.8,1,0.43,0.4180233140833161,70,5.027528993600747,5416
1745,106.63,1,0.43,0.4178143024262745,11,18.15509376049042,5416
1746,106.25,1,0.44,0.41760539527506135,10,11.446662872575224,5416
1747,106.52,1,0.44,0.41739659257742384,4,17.081262464523316,5416
1748,107.31,1,0.44,0.4171878942811352,112,1.4251183863197054,5423
1749,109.27,1,0.44,0.4169793003339946,94,1.7353287465750495,5425
1750,-10.15,0,0.44,0.41677081068382765,160,0.35531890578567965,5425
1751,-82.62,0,0.44,0.41656242527848575,6,21.391370742321012,5425
1752,106.32,1,0.44,0.41635414406584653,9,11.89916544093026,5425
1753,-82.2,0,0.44,0.4161459669938136,125,1.3689092375080776,5430
1754,106.52,1,0.45,0.4159378940103167,4,24.0706508731842,5430
1755,108.34,1,0.45,0.4157299250633116,18,23.988178700440457,5430
1756,106.52,1,0.45,0.41552206010077997,4,26.505162795782088,5430
1757,106.62,1,0.46,0.4153142990707296,4,33.354699020385745,5430
1758,106.57000000000001,1,0.47,0.41510664192119423,4,34.20750649932772,5430
1759,-77.17999999999999,0,0.47,0.41489908860023367,14,10.971212988168533,5432
1760,106.3,1,0.47,0.4146916390559336,10,13.109904659628867,5432
1761,-83.64999999999999,0,0.46,0.4144842932364056,25,8.936281323610245,5433
1762,-10.2,0,0.45,0.41427705108978746,160,0.48751966970367344,5433
1763,-82.39,0,0.45,0.4140699125642426,82,3.4137920263934336,5435
1764,106.48,1,0.46,0.4138628776079605,131,1.2788572700879044,5435
1765,-9.6,0,0.45,0.4136559461691565,160,0.5092474827509903,5435
1766,-84.39,0,0.45,0.41344911819607194,7,44.18667556153877,5435
1767,106.52,1,0.46,0.4132423936369739,4,15.516916704177856,5435
1768,-84.28999999999999,0,0.45,0.41303577244015544,7,12.447528459344591,5435
1769,-73.36,0,0.45,0.4128292545539354,53,2.1597856517902243,5440
1770,106.61999999999999,1,0.46,0.41262283992665844,4,21.103930654525755,5440
1771,-83.64999999999999,0,0.45,0.41241652850669513,55,1.8824367831281639,5441
1772,106.52,1,0.46,0.4122103202424418,4,14.962238140106201,5441
1773,-127.95,0,0.46,0.4120042150823206,55,4.410803528007459,5442
1774,106.52,1,0.47,0.4117982129747795,4,14.697293996810913,5442
1775,111.7,1,0.48,0.4115923138682921,35,8.17570424084126,5443
1776,106.62,1,0.48,0.411386517711358,4,29.68540781974793,5443
1777,-128.36,0,0.48,0.4111808244525023,28,5.547652719276292,5449
1778,108.78999999999999,1,0.49,0.4109752340402761,133,1.8637440451634635,5451
1779,-79.62,0,0.49,0.410769746423256,11,23.803434865637257,5451
1780,-83.57000000000001,0,0.48,0.4105643615500444,11,11.229175106153232,5452
1781,110.47,1,0.49,0.4103590793692694,69,1.9207914551191598,5457
1782,-81.08,0,0.49,0.4101538998295848,144,1.0000938405607465,5460
1783,106.62,1,0.5,0.40994882287967,4,39.87632448196411,5460
1784,106.52,1,0.51,0.4097438484682302,4,13.63001214981079,5460
1785,109.97,1,0.52,0.4095389765439961,54,6.624000321059936,5461
1786,106.52,1,0.52,0.40933420705572415,4,13.197056446075441,5461
1787,106.62,1,0.53,0.4091295399521963,4,33.303003110885626,5461
1788,106.2,1,0.53,0.4089249751822202,10,16.434985075950625,5461
1789,106.62,1,0.54,0.4087205126946291,4,31.042163567543028,5461
1790,-10.35,0,0.54,0.4085161524382818,160,0.349959406768903,5461
1791,107.27000000000001,1,0.54,0.4083118943620627,49,2.6823485673477454,5461
1792,106.27,1,0.55,0.40810773841488174,9,12.563554534684453,5461
1793,-128.72,0,0.54,0.4079036845456743,106,1.5087829399513044,5462
1794,106.52,1,0.55,0.40769973270340154,4,21.403792076110836,5462
1795,107.61999999999999,1,0.55,0.40749588283704985,4,23.992812843322753,5462
1796,109.01,1,0.55,0.4072921348956314,87,5.336960611930866,5465
1797,105.77,1,0.56,0.4070884888281836,9,11.48167236275143,5465
1798,-83.52,0,0.56,0.40688494458376956,61,2.7322310944194674,5467
1799,-10.7,0,0.56,0.4066815021114777,160,0.2645178270339964,5467
1800,106.32,1,0.56,0.406478161360422,9,29.93279743618435,5467
1801,106.52,1,0.56,0.40627492227974177,4,10.938676700592037,5467
1802,109.28,1,0.57,0.4060717848186019,11,22.094298191714014,5467
1803,-82.61,0,0.56,0.4058687489261926,18,24.070019021959354,5467
1804,111.03,1,0.57,0.40566581455172956,16,14.499507738687099,5467
1805,106.32,1,0.57,0.4054629816444537,9,27.27852124267154,5467
1806,-58.660000000000004,0,0.56,0.4052602501536315,158,1.3219210012835345,5468
1807,-83.58,0,0.55,0.40505762002855467,19,25.41737756619328,5468
1808,-128.98000000000002,0,0.54,0.4048550912185404,14,13.425401406057977,5469
1809,109.98,1,0.54,0.4046526636729312,131,1.1243349463533154,5474
1810,-9.55,0,0.53,0.40445033734109476,160,0.39244041609764085,5474
1811,-79.91,0,0.53,0.40424811217242423,88,1.5144675881617744,5481
1812,105.87,1,0.53,0.404045988116338,9,12.58998540556265,5481
1813,-10.2,0,0.53,0.4038439651222799,160,0.284507255643606,5481
1814,106.72,1,0.54,0.40364204313971874,4,28.870566082000735,5481
1815,-83.96000000000001,0,0.54,0.4034402221181489,8,18.811294468455017,5481
1816,-82.52,0,0.53,0.4032385020070898,131,1.923514726473061,5483
1817,106.06,1,0.54,0.4030368827560863,7,14.841603875841413,5483
1818,108.14999999999999,1,0.55,0.4028353643147083,10,18.31018824481219,5483
1819,106.14999999999999,1,0.56,0.402633946632551,10,22.354727671682834,5483
1820,106.14999999999999,1,0.56,0.4024326296592347,100,1.91481096830531,5483
1821,-9.299999999999999,0,0.55,0.4022314133444051,160,0.4381148735743189,5489
1822,106.94,1,0.56,0.4020302976377329,13,13.151617664848096,5489
1823,-80.78,0,0.56,0.4018292824889141,9,18.42326586233245,5489
1824,-82.25999999999999,0,0.56,0.40162836784766964,8,16.91555579278618,5489
1825,-84.24,0,0.55,0.40142755366374583,7,30.914228453295575,5489
1826,-10.45,0,0.55,0.401226839886914,160,0.5810023158297407,5489
1827,106.32,1,0.56,0.40102622646697056,9,12.751610746383667,5489
1828,-126.83,0,0.55,0.4008257133537371,79,5.7265941218465795,5489
1829,-10.149999999999999,0,0.55,0.4006253004970603,160,0.398870489567518,5489
1830,107.73,1,0.55,0.4004249878468118,11,17.450918015116315,5489
1831,-10.399999999999999,0,0.55,0.4002247753528884,160,0.3685855774581431,5489
1832,108.14999999999999,1,0.56,0.400024662965212,10,15.862698612451554,5489
1833,-83.58,0,0.56,0.3998246506337294,114,0.9718247559928056,5489
1834,107.64,1,0.57,0.39962473830841255,18,15.385244520960583,5489
1835,-10.2,0,0.56,0.3994249259392584,160,0.3157346493601798,5489
1836,109.92,1,0.57,0.39922521347628875,34,19.00981733766083,5490
1837,105.55,1,0.58,0.39902560086955063,145,1.1697719536423683,5490
1838,-84.06,0,0.57,0.3988260880691159,8,16.79876890361309,5490
1839,109.05,1,0.58,0.39862667502508137,15,16.612496591250103,5490
1840,106.62,1,0.58,0.39842736168756887,4,26.703608865737912,5490
1841,106.62,1,0.58,0.3982281480067251,4,18.446351470947267,5490
1842,105.67999999999999,1,0.59,0.39802903393272177,91,1.4763092217340572,5490
1843,-10.1,0,0.58,0.3978300194157554,160,0.3160575198531149,5490
1844,-83.81,0,0.57,0.39763110440604754,118,1.2212423338526386,5490
1845,-9.9,0,0.56,0.3974322888538445,160,0.4503843140875687,5490
1846,107.64999999999999,1,0.56,0.3972335727094176,15,16.397305148124694,5490
1847,-84.24,0,0.55,0.3970349559230629,7,10.651200323786055,5490
1848,-10.25,0,0.54,0.3968364384451014,160,0.36456735010817626,5490
1849,-10.200000000000001,0,0.53,0.3966380202258789,160,0.4202559055178425,5490
1850,-10.200000000000001,0,0.53,0.396439701215766,160,0.38636660718917837,5490
1851,107.47,1,0.54,0.39624148136515813,14,18.224538517397427,5490
1852,106.52,1,0.54,0.3960433606244756,4,11.671722431182861,5490
1853,-10.55,0,0.54,0.39584533894416335,160,0.6638323394786566,5490
1854,107.0,1,0.54,0.3956474162746913,15,19.398857875953116,5490
1855,-10.55,0,0.53,0.395449592566554,160,0.6111825972422956,5490
1856,106.98,1,0.53,0.3952518677702707,16,18.196151029981262,5493
1857,105.77,1,0.53,0.3950542418363856,9,18.325658165481354,5493
1858,-9.0,0,0.52,0.3948567147154674,160,0.5124947233009588,5493
1859,-83.95,0,0.52,0.3946592863581097,10,18.627179358343128,5493
1860,-10.5,0,0.51,0.3944619567149307,160,0.4208827842902391,5493
1861,-83.72999999999999,0,0.51,0.39426472573657323,9,10.822895552309022,5493
1862,107.45,1,0.52,0.39406759337370495,20,14.573543983638286,5493
1863,-10.4,0,0.52,0.3938705595770181,160,0.7001072169635444,5493
1864,-128.23000000000002,0,0.51,0.39367362429722963,49,5.226246987195039,5495
1865,106.52,1,0.52,0.393476787485081,4,25.97864686965942,5495
1866,-10.100000000000001,0,0.52,0.3932800490913385,160,0.26382997980713835,5495
1867,106.88,1,0.52,0.39308340906679284,41,2.939973676617189,5495
1868,-10.65,0,0.52,0.3928868673622595,160,0.5141583445258437,5495
1869,107.26,1,0.53,0.3926904239285784,147,1.588896492467029,5495
1870,108.56,1,0.53,0.3924940787166141,12,16.62353123933077,5495
1871,-10.850000000000001,0,0.53,0.39229783167725585,160,0.37716347077488893,5495
1872,106.62,1,0.53,0.39210168276141727,4,21.48224920272827,5495
1873,106.62,1,0.54,0.3919056319200366,4,13.386148262023926,5495
1874,106.75,1,0.54,0.39170967910407656,10,18.35923581456393,5495
1875,106.62,1,0.54,0.3915138242645245,4,25.76385239601135,5495
1876,-84.03999999999999,0,0.53,0.3913180673523923,87,1.6117185745636622,5495
1877,-9.75,0,0.53,0.3911224083187161,160,0.34151555618643753,5495
1878,106.2,1,0.53,0.3909268471145568,10,11.609070623941255,5495
1879,106.27,1,0.54,0.3907313836909995,9,28.364460566838584,5495
1880,-10.3,0,0.54,0.39053601799915405,160,0.3687695431113242,5495
1881,107.17999999999999,1,0.54,0.3903407499901545,16,13.015214318475918,5495
1882,-10.0,0,0.54,0.39014557961515944,160,0.4114411556487903,5495
1883,106.03,1,0.54,0.3899505068253519,86,1.8041241543087567,5495
1884,-10.700000000000001,0,0.53,0.3897555315719392,160,0.3722644650042057,5495
1885,-126.03,0,0.52,0.38956065380615323,44,12.989686078278517,5496
1886,-84.01,0,0.51,0.38936587347925017,8,31.403408663868905,5496
1887,-10.7,0,0.5,0.3891711905425106,160,0.2597676134705543,5496
1888,-83.86,0,0.49,0.38897660494723935,8,12.909446744918823,5496
1889,105.87,1,0.49,0.38878211664476575,9,25.803782063590155,5496
1890,107.27,1,0.5,0.3885877255864434,74,3.9619521868726673,5498
1891,-59.06,0,0.49,0.3883934317236502,153,0.716786675151267,5498
1892,106.66,1,0.49,0.3881992350077884,137,1.1196168686662304,5498
1893,-9.700000000000001,0,0.49,0.38800513539028453,160,0.3345528723001479,5498
1894,-10.299999999999999,0,0.48,0.3878111328225894,160,0.27603754141926756,5498
1895,-10.9,0,0.47,0.3876172272561781,160,0.43785000112652767,5498
1896,106.52,1,0.47,0.38742341864255003,4,17.917311658859248,5498
1897,-83.34,0,0.46,0.3872297069332288,22,25.05013864858584,5498
1898,-10.4,0,0.46,0.3870360920797622,160,0.2788814512193202,5498
1899,106.62,1,0.47,0.38684257403372235,4,20.31983055114746,5498
1900,-10.1,0,0.46,0.3866491527467055,160,0.6295200549412984,5498
1901,-7.750000000000002,0,0.45,0.3864558281703322,160,0.6672536102952289,5519
1902,-83.41,0,0.44,0.38626260025624704,88,1.1695443895188244,5519
1903,106.52,1,0.45,0.38606946895611893,4,25.46585785984993,5519
1904,106.2,1,0.45,0.3858764342216409,10,14.33622053349018,5519
1905,-10.200000000000001,0,0.44,0.3856834960045301,160,0.4860463398790451,5519
1906,-10.65,0,0.44,0.38549065425652784,160,0.5440008565932511,5519
1907,106.62,1,0.45,0.3852979089293996,4,17.49347728729248,5519
1908,106.22,1,0.46,0.3851052599749349,9,22.359897264904443,5519
1909,-10.700000000000001,0,0.45,0.3849127073449474,160,0.5305581793785094,5519
1910,106.52,1,0.46,0.384720250991275,4,25.040209782123565,5519
1911,-10.0,0,0.46,0.3845278908657794,160,0.7906789676845072,5519
1912,-128.20000000000002,0,0.45,0.3843356269203465,35,8.721587176321165,5524
1913,-58.620000000000005,0,0.45,0.38414345910688635,96,1.1006910039888074,5524
1914,106.34,1,0.45,0.3839513873773329,108,1.4189572040239968,5524
1915,110.97,1,0.46,0.38375941168364425,14,20.239904122012,5524
1916,-10.049999999999999,0,0.46,0.38356753197780247,160,0.5371261760294437,5524
1917,-10.1,0,0.45,0.3833757482118136,160,1.0496297071699299,5524
1918,107.88,1,0.45,0.3831840603377077,16,29.507767146602276,5524
1919,107.26,1,0.45,0.38299246830753886,12,17.94247094474888,5524
1920,106.68,1,0.45,0.3828009720733851,151,1.0954532109270034,5524
1921,-84.41,0,0.45,0.38260957158734843,8,15.372916924655437,5524
1922,108.48,1,0.45,0.3824182668015548,21,23.47598746317483,5524
1923,-10.3,0,0.45,0.382227057668154,160,0.6500937943128229,5524
1924,106.72,1,0.46,0.38203594413931996,4,19.31538778305054,5524
1925,106.57000000000001,1,0.47,0.3818449261672503,4,24.178470497131347,5524
1926,106.14999999999999,1,0.48,0.3816540037041667,10,20.58915913248062,5524
1927,-10.8,0,0.47,0.3814631767023146,160,0.5625461051464081,5524
1928,113.23,1,0.48,0.38127244511396347,26,21.09833873482851,5524
1929,106.52,1,0.49,0.3810818088914065,4,24.447775547504428,5524
1930,-81.67,0,0.48,0.3808912679869608,11,11.736781185543673,5524
1931,-10.45,0,0.48,0.38070082235296737,160,1.0282017766833305,5524
1932,110.88,1,0.48,0.3805104719417909,21,16.958332011650008,5526
1933,110.78,1,0.49,0.38032021670582,16,16.63292952150106,5526
1934,106.72,1,0.49,0.3801300565974671,4,25.897367048263554,5526
1935,-9.950000000000001,0,0.49,0.3799399915691684,160,0.8505496244132518,5526
1936,-81.61,0,0.48,0.37975002157338383,8,18.593182587836637,5526
1937,-10.600000000000001,0,0.47,0.3795601465625972,160,1.209698969475925,5526
1938,-10.05,0,0.47,0.3793703664893159,160,0.8202612799704074,5526
1939,107.03999999999999,1,0.47,0.37918068130607124,138,1.451902039139194,5526
1940,109.92,1,0.47,0.3789910909654182,24,13.243804719053054,5526
1941,-10.3,0,0.46,0.3788015954199355,160,0.5666698113679886,5526
1942,104.69,1,0.46,0.37861219462222556,153,1.3141752702426288,5526
1943,-10.8,0,0.46,0.37842288852491446,160,0.6357584560513496,5526
1944,-10.4,0,0.46,0.37823367708065203,160,0.6569579524993896,5526
1945,-10.1,0,0.46,0.37804456024211175,160,0.5201861052215099,5526
1946,106.62,1,0.46,0.37785553796199073,4,23.92507169723511,5526
1947,-126.84,0,0.46,0.37766661019300973,57,2.7328600082886325,5530
1948,106.57000000000001,1,0.47,0.37747777688791323,4,29.81801783885807,5530
1949,107.03999999999999,1,0.48,0.3772890379994693,18,22.092827663309873,5530
1950,-10.100000000000001,0,0.48,0.3771003934804696,160,0.631348970519146,5530
1951,106.81,1,0.48,0.3769118432837294,12,17.230739422366025,5530
1952,-83.75999999999999,0,0.47,0.37672338736208755,8,31.459999091625214,5530
1953,106.62,1,0.48,0.3765350256684065,4,13.931079921722414,5530
1954,-81.05,0,0.47,0.37634675815557234,45,3.2554568212839463,5542
1955,-82.74000000000001,0,0.47,0.37615858477649455,7,31.739106108120513,5542
1956,-82.06,0,0.46,0.3759705054841063,13,18.886798635699716,5542
1957,106.62,1,0.46,0.37578252023136427,4,9.613678359985354,5542
1958,105.87,1,0.47,0.3755946289712486,9,12.521911430358886,5542
1959,-10.55,0,0.47,0.37540683165676303,160,0.5259635164439678,5542
1960,106.72,1,0.48,0.3752191282409347,4,14.848825426101687,5542
1961,-10.850000000000001,0,0.48,0.3750315186768142,160,0.5588123594224453,5542
1962,106.62,1,0.48,0.3748440029174758,4,9.413657779693605,5542
1963,106.92999999999999,1,0.49,0.3746565809160171,11,12.674613403840498,5542
1964,106.25,1,0.5,0.37446925262555913,10,21.65817347621918,5542
1965,-84.07000000000001,0,0.49,0.3742820179992464,6,24.512437691142164,5542
1966,107.91,1,0.5,0.3740948769902468,17,16.135499325063737,5542
1967,-10.0,0,0.49,0.37390782955175167,160,0.6333725918233395,5542
1968,109.17,1,0.5,0.3737208756369758,134,3.491098957531877,5548
1969,106.62,1,0.5,0.37353401519915735,4,8.62860555648804,5548
1970,-10.9,0,0.49,0.3733472481915578,160,0.5010607524514198,5548
1971,-10.200000000000001,0,0.49,0.37316057456746204,160,0.5921784835755826,5548
1972,105.87,1,0.49,0.37297399428017836,9,13.693265351719326,5548
1973,106.62,1,0.49,0.3727875072830383,4,21.18359954833985,5548
1974,-84.24,0,0.48,0.3726011135293968,7,34.42491964612689,5548
1975,-84.76,0,0.47,0.3724148129726321,13,7.942963414923826,5548
1976,-10.15,0,0.47,0.37222860556614584,160,0.4791729208230972,5548
1977,106.42999999999999,1,0.48,0.3720424912633628,61,2.2110296613048215,5548
1978,-9.75,0,0.47,0.37185647001773114,160,0.5043550201952458,5548
1979,106.52,1,0.47,0.3716705417827223,4,17.32186281204224,5548
1980,107.44,1,0.48,0.37148470651183096,148,1.2300570907164994,5551
1981,-84.54,0,0.47,0.37129896415857505,27,7.028002164714315,5552
1982,106.06,1,0.48,0.3711133146764958,7,14.974112424850462,5552
1983,-84.36,0,0.47,0.37092775801915756,8,19.24104161811294,5552
1984,-10.35,0,0.47,0.370742294140148,160,0.5862795860171318,5552
1985,-10.45,0,0.47,0.3705569229930779,160,0.784820928607136,5552
1986,-10.95,0,0.47,0.3703716445315814,160,0.7705496768653394,5552
1987,107.19,1,0.48,0.3701864587093156,18,14.789951858272156,5552
1988,-10.8,0,0.48,0.370001365479961,160,0.6415507624745369,5552
1989,-10.850000000000001,0,0.47,0.369816364797221,160,0.6222469397783278,5552
1990,108.05,1,0.47,0.36963145661482244,15,13.498438761025668,5552
1991,-11.600000000000001,0,0.47,0.3694466408865151,160,0.5047916891276836,5552
1992,-11.55,0,0.46,0.36926191756607185,160,0.4571986449062824,5552
1993,-10.9,0,0.46,0.36907728660728883,160,0.5438937770128249,5552
1994,106.25,1,0.47,0.3688927479639852,10,19.408070291996,5552
1995,106.62,1,0.48,0.36870830159000323,4,18.180022659301763,5552
1996,106.62,1,0.48,0.36852394743920824,4,37.28699756741524,5552
1997,106.62,1,0.49,0.3683396854654887,4,7.565873413085942,5552
1998,107.74,1,0.5,0.36815551562275595,18,18.921921856668263,5552
1999,106.62,1,0.5,0.3679714378649446,4,7.523707942962645,5552
2000,106.62,1,0.51,0.3677874521460121,4,21.863018455505372,5552
